target_name_std,target_name_simbad,target_classification,simbad_link,targ_ra,targ_dec,coordinate_epoch,source_catalog,host_galaxy_name,host_cluster_name,d_gaia,d_gaia_err,spectral_type,spectral_type_ref,temp_class,lum_class,star_teff,star_teff_ref,star_luminosity,star_luminosity_ref,star_mass,star_mass_ref,surface_gravity,surface_gravity_ref,rotation_period,rotation_period_ref,rotation_velocity,rotation_velocity_ref,terminal_velocity,terminal_velocity_ref,radius,radius_ref,rate_accretion,rate_accretion_ref,extinction_ebmv,extinction_ebmv_ref,age,age_ref,metallicity,metallicity_ref,fuv_mag,nuv_mag,u_mag,u_mag_ref,b_mag,b_mag_ref,v_mag,v_mag_ref,i_mag,i_mag_ref,gaia_id,gaia_parallax,gaia_parallax_err,known_binary,known_binary_ref,is_variable,is_monitor_targ,extended,Extra
CVSO 109,CVSO 109,T Tauri star,http://simbad.cds.unistra.fr/simbad/sim-id?Ident=Haro+5-66,83.13610687,-1.229437464,2016,2005AJ....129..935C,MW,Ori OB1b,425.5138079,60.99978805,M0,2005AJ....129..935C,,,3850,2005AJ....129..935C,0.17,2005AJ....129..935C,0.56,2005AJ....129..935C,,,,,,,,,,,-7.6,2005AJ....129..935C,0,2005AJ....129..935C,,,,,,,14.5,2005AJ....129..935C,,,13.97,none,,,Gaia DR3 3217630378215871232,2.3501,0.3369,none,none,TRUE,FALSE,FALSE,FALSE
CVSO 90,CVSO 90,T Tauri star,http://simbad.cds.unistra.fr/simbad/sim-id?Ident=Kiso+A-0904+1,82.83596192,-0.822183962,2016,2005AJ....129..935C,MW,Ori OB1b,343.5599684,3.895103912,K7,2005AJ....129..935C,,,4060,2005AJ....129..935C,-0.26,2005AJ....129..935C,0.79,2005AJ....129..935C,,,,,,,,,,,-7.75,2005AJ....129..935C,0,2005AJ....129..935C,,,,,,,14.02,2005AJ....129..935C,,,14.61,none,,,Gaia DR3 3220661529910667904,2.9107,0.033,none,none,TRUE,FALSE,FALSE,FALSE
CVSO 146,CVSO 146,T Tauri star,http://simbad.cds.unistra.fr/simbad/sim-id?Ident=Haro+5-73,83.94168448,-0.964513832,2016,2005AJ....129..935C,MW,Ori OB1b,336.6890004,1.723064141,K6,2005AJ....129..935C,,,4205,2005AJ....129..935C,0.12,2005AJ....129..935C,0.92,2005AJ....129..935C,,,,,,,,,,,-8.06,2005AJ....129..935C,0.032,2005AJ....129..935C,,,,,,,15.25,2005AJ....129..935C,,,14.01,none,,,Gaia DR3 3217657011309526016,2.9701,0.0152,none,none,TRUE,FALSE,FALSE,FALSE
V505 ORI,V505 Ori,T Tauri star,http://simbad.cds.unistra.fr/simbad/sim-id?Ident=V*+V505+Ori,84.61357213,-2.752699988,2016,2016ApJ...829...38M,MW,Sigma Ori,398.9786147,3.979598376,K6.0,2016ApJ...829...38M,,,4020,2016ApJ...829...38M,,,0.754,2016ApJ...829...38M,,,,,,,,,,,-8.54,2016ApJ...829...38M,0,2016ApJ...829...38M,,,,,,,,,,,14.16,none,,,Gaia DR3 3216107490187638784,2.5064,0.025,none,none,TRUE,FALSE,FALSE,FALSE
TX Ori,TX Ori,T Tauri star,http://simbad.cds.unistra.fr/simbad/sim-id?Ident=V*+TX+Ori,84.64037132,-2.737270497,2016,2016ApJ...829...38M,MW,Sigma Ori,404.8746913,36.55494399,K4.5,2016ApJ...829...38M,,,4330,2016ApJ...829...38M,,,1.087,2016ApJ...829...38M,,,,,,,,,,,-8.13,2016ApJ...829...38M,0,2016ApJ...829...38M,,,,,,,13.75,none,,,12.06,none,,,Gaia DR3 3216108997720732544,2.4699,0.223,none,none,TRUE,FALSE,FALSE,FALSE
CVSO 104,CVSO 104,T Tauri star,http://simbad.cds.unistra.fr/simbad/sim-id?Ident=Haro+5-64,83.026605,-1.183367211,2016,2005AJ....129..935C,MW,Ori OB1b,366.3540445,3.999615522,K7,2005AJ....129..935C,,,4060,2005AJ....129..935C,-0.12,2005AJ....129..935C,0.77,2005AJ....129..935C,,,,,,,,,,,-8.12,2005AJ....129..935C,0,2005AJ....129..935C,,,,,,,14.93,2005AJ....129..935C,,,14.22,none,,,Gaia DR3 3217634157789741952,2.7296,0.0298,TRUE,2021A&A...656A.138F,TRUE,FALSE,FALSE,FALSE
CVSO 36,CVSO 36B,T Tauri star,http://simbad.cds.unistra.fr/simbad/sim-id?Ident=CVSO+36,81.45987572,1.826958533,2016,2005AJ....129..935C,MW,Ori OB1a,340.9827122,3.081134065,M3,2005AJ....129..935C,,,3470,2005AJ....129..935C,-0.68,2005AJ....129..935C,0.34,2005AJ....129..935C,,,,,,,,,,,-8.44,2005AJ....129..935C,0,2005AJ....129..935C,,,,,,,,,,,16.07,none,,,Gaia DR3 3222268122557250304,2.9327,0.0265,none,none,TRUE,FALSE,FALSE,FALSE
V510 ORI,V510 Ori,T Tauri star,http://simbad.cds.unistra.fr/simbad/sim-id?Ident=Haro+5-27,84.91595033,-2.522740869,2016,2016ApJ...829...38M,MW,Sigma Ori,396.6365223,4.216190226,K5.5,2016ApJ...829...38M,,,4140,2016ApJ...829...38M,,,0.875,2016ApJ...829...38M,,,,,,,,,,,-8.38,2016ApJ...829...38M,0.048,2016ApJ...829...38M,,,,,,,14.59,2005AJ....129..935C,,,14.3,none,,,Gaia DR3 3216493758070824064,2.5212,0.0268,none,none,TRUE,FALSE,FALSE,FALSE
CVSO 107,CVSO 107,T Tauri star,http://simbad.cds.unistra.fr/simbad/sim-id?Ident=Kiso+A-0904+4,83.10742912,-0.614828642,2016,2005AJ....129..935C,MW,Ori OB1b,335.0869551,2.537601844,K7,2005AJ....129..935C,,,4060,2005AJ....129..935C,0.0086,2005AJ....129..935C,0.77,2005AJ....129..935C,,,,,,,,,,,-7.96,2005AJ....129..935C,0.103,2005AJ....129..935C,,,,,,,15.24,2005AJ....129..935C,,,14.78,none,,,Gaia DR3 3220694442244758784,2.9843,0.0226,none,none,TRUE,FALSE,FALSE,FALSE
CVSO 165,CVSO 165,T Tauri star,http://simbad.cds.unistra.fr/simbad/sim-id?Ident=Kiso+A-0904+76,84.76072363,-1.342346479,2016,2005AJ....129..935C,MW,Ori OB1b,315.2982722,20.25042819,K6,2005AJ....129..935C,,,4205,2005AJ....129..935C,0.17,2005AJ....129..935C,0.91,2005AJ....129..935C,,,,,,,,,,,-8.43,2005AJ....129..935C,0,2005AJ....129..935C,,,,,,,15.25,2005AJ....129..935C,,,13.68,none,,,Gaia DR3 3217473702105162752,3.1716,0.2037,none,none,TRUE,FALSE,FALSE,FALSE
CVSO 176,CVSO 176,T Tauri star,http://simbad.cds.unistra.fr/simbad/sim-id?Ident=Haro+5-91,85.10064481,-0.522614616,2016,2005AJ....129..935C,MW,Ori OB1b,306.8143466,2.95584036,M3,2005AJ....129..935C,,,3470,2005AJ....129..935C,-0.15,2005AJ....129..935C,0.35,2005AJ....129..935C,,,,,,,,,,,-8.37,2005AJ....129..935C,0,2005AJ....129..935C,,,,,,,16.51,2005AJ....129..935C,,,15.65,none,,,Gaia DR3 3219230167633274752,3.2593,0.0314,none,none,TRUE,FALSE,FALSE,FALSE
CVSO 58,CVSO 58,T Tauri star,http://simbad.cds.unistra.fr/simbad/sim-id?Ident=Kiso+A-0903+176,82.34693259,-1.420963234,2016,2005AJ....129..935C,MW,Ori OB1b,354.2456339,2.898818287,K7,2005AJ....129..935C,,,4060,2005AJ....129..935C,-0.21,2005AJ....129..935C,0.78,2005AJ....129..935C,,,,,,,,,,,-8.35,2005AJ....129..935C,0.039,2005AJ....129..935C,,,,,,,15.52,2005AJ....129..935C,,,14.93,none,,,Gaia DR3 3220241585188156032,2.8229,0.0231,none,none,TRUE,FALSE,FALSE,FALSE
CVSO 17,CVSO 17 ,T Tauri star,http://simbad.cds.unistra.fr/simbad/sim-id?Ident=CVSO+17,80.76958275,1.620812705,2016,2005AJ....129..935C,MW,Ori OB1a,422.6899992,9.487208959,M3,2005AJ....129..935C,,,3470,2005AJ....129..935C,-0.72,2005AJ....129..935C,0.33,2005AJ....129..935C,,,,,,,,,,,-9.22,2005AJ....129..935C,0,2005AJ....129..935C,,,,,,,,,,,16.16,none,,,Gaia DR3 3222180814461726976,2.3658,0.0531,none,none,TRUE,FALSE,FALSE,FALSE
Sz75,GQ Lup,T Tauri star,http://simbad.cds.unistra.fr/simbad/sim-id?Ident=CD-35+10525,237.3003618,-35.65150872,2016,2017A&A...600A..20A ,MW,Lupus I,154.0998259,0.686281258,K6,2017A&A...600A..20A,,,4205,2017A&A...600A..20A ,0.16,2017A&A...600A..20A ,0.86,2017A&A...600A..20A,,,,,,,,,,,-7.67,2017A&A...600A..20A,0.226,2017A&A...600A..20A,,,,,,,12.19,2005AJ....129..935C,,,11.4,none,,,Gaia DR3 6011522757643074304,6.4893,0.0289,none,none,TRUE,FALSE,FALSE,FALSE
Sz77,Sz77,T Tauri star,http://simbad.cds.unistra.fr/simbad/sim-id?Ident=Sz+77,237.9455898,-35.94569433,2016,2017A&A...600A..20A ,MW,Lupus I,155.2529847,0.433862807,K7,2017A&A...600A..20A,,,4060,2017A&A...600A..20A ,-0.26,2017A&A...600A..20A ,0.75,2017A&A...600A..20A,,,,,,,,,,,-8.79,2017A&A...600A..20A,0,2017A&A...600A..20A,,,,,,,,,,,13.26,none,,,Gaia DR3 6011392186336443392,6.4411,0.018,none,none,TRUE,FALSE,FALSE,FALSE
Sz72,HM Lup,T Tauri star,http://simbad.cds.unistra.fr/simbad/sim-id?Ident=V*+HM+Lup,236.9608766,-35.47660422,2016,2017A&A...600A..20A ,MW,Lupus I,156.7127925,0.451883748,M2,2014A&A...561A...2A,,,3560,2017A&A...600A..20A ,-0.6,2017A&A...600A..20A ,0.37,2014A&A...561A...2A,,,,,,,,,,,-8.65,2014A&A...561A...2A,0.242,2014A&A...561A...2A,,,,,,,,,,,14.79,none,,,Gaia DR3 6011573266459331072,6.3811,0.0184,none,none,TRUE,FALSE,FALSE,FALSE
Sz69,HW Lup,T Tauri star,http://simbad.cds.unistra.fr/simbad/sim-id?Ident=V*+HW+Lup,236.3224689,-34.3079577,2016,2017A&A...600A..20A ,MW,Lupus I,152.5599561,1.603615819,M4.5,2014A&A...561A...2A,,,3197,2017A&A...600A..20A ,-1.06,2017A&A...600A..20A ,0.2,2014A&A...561A...2A,,,,,,,,,,,-9.51,2014A&A...561A...2A,0,2014A&A...561A...2A,,,,,,,,,,,16.25,none,,,Gaia DR3 6014696635395955200,6.5548,0.0689,none,none,TRUE,FALSE,FALSE,FALSE
Sz76,Sz76,T Tauri star,http://simbad.cds.unistra.fr/simbad/sim-id?Ident=Sz+76,237.3779944,-35.83105348,2016,2017A&A...600A..20A ,MW,Lupus I,156.401514,0.562612972,M4,2017A&A...600A..20A,,,3270,2017A&A...600A..20A ,-0.8,2017A&A...600A..20A ,0.23,2017A&A...600A..20A,,,,,,,,,,,-9.26,2017A&A...600A..20A,0.065,2017A&A...600A..20A,,,,,,,,,,,15.18,none,,,Gaia DR3 6011500389453302272,6.3938,0.023,none,none,TRUE,FALSE,FALSE,FALSE
Sz71,GW Lup,T Tauri star,http://simbad.cds.unistra.fr/simbad/sim-id?Ident=V*+GW+Lup,236.6862963,-34.51001418,2016,2017A&A...600A..20A ,MW,Lupus I,155.2023839,0.414309815,M1.5,2014A&A...561A...2A,,,3632,2017A&A...600A..20A ,-0.51,2017A&A...600A..20A ,0.42,2014A&A...561A...2A,,,,,,,,,,,-9.06,2014A&A...561A...2A,0.161,2014A&A...561A...2A,,,,,,,,,,,13.54,none,,,Gaia DR3 6014722194741392512,6.4432,0.0172,none,none,TRUE,FALSE,FALSE,FALSE
Sz66,Sz66,T Tauri star,http://simbad.cds.unistra.fr/simbad/sim-id?Ident=Sz+66,234.8677744,-34.77178662,2016,2017A&A...600A..20A ,MW,Lupus I,155.9235351,0.653996803,M3,2014A&A...561A...2A,,,3415,2017A&A...600A..20A ,-0.7,2017A&A...600A..20A ,0.29,2014A&A...561A...2A,3.68,derived,,,,,,,1.28,derived,-8.54,2014A&A...561A...2A,0.323,2014A&A...561A...2A,,,,,,,,,,,15,none,,,Gaia DR3 6013399830146943104,6.4134,0.0269,none,none,TRUE,FALSE,FALSE,FALSE
Hn5,GX Cha,T Tauri star,http://simbad.cds.unistra.fr/simbad/sim-id?Ident=Hn+5,166.6737219,-76.59696539,2016,2017A&A...604A.127M,MW,Cha I,194.6888872,0.943803693,M5,2017A&A...604A.127M,,,3125,2017A&A...604A.127M,-1.3,2017A&A...604A.127M,0.16,2017A&A...604A.127M,3.87,derived,,,,,,,0.77,derived,-9.28,2017A&A...604A.127M,0,2017A&A...604A.127M,6.3,2008hsf2.book..169L,-0.08,2014A&A...568A...2S,,,,,,,,,,,Gaia DR3 5201347064956072448,5.1364,0.0249,none,none,TRUE,FALSE,FALSE,FALSE
Sz111,Sz111,T Tauri star,http://simbad.cds.unistra.fr/simbad/sim-id?Ident=THA+15-33,242.2277981,-39.62875218,2016,2017A&A...600A..20A ,MW,Lupus III,158.3656663,0.514133528,M1,2014A&A...561A...2A,,,3705,2017A&A...600A..20A ,-0.48,2017A&A...600A..20A ,0.47,2014A&A...561A...2A,,,,,,,,,,,-9.12,2014A&A...561A...2A,0,2014A&A...561A...2A,,,,,,,,,,,13.98,none,,,Gaia DR3 5997006897751436544,6.3145,0.0205,none,none,TRUE,FALSE,FALSE,FALSE
Sz130,Sz130,T Tauri star,http://simbad.cds.unistra.fr/simbad/sim-id?Ident=Sz+130,240.1292582,-41.72704498,2016,2017A&A...600A..20A ,MW,Lupus IV,159.1799051,0.509298668,M2,2014A&A...561A...2A,,,3560,2017A&A...600A..20A ,-0.8,2017A&A...600A..20A ,0.41,2014A&A...561A...2A,,,,,,,,,,,-9.19,2014A&A...561A...2A,0,2014A&A...561A...2A,,,,,,,,,,,14.71,none,,,Gaia DR3 5995197552601942528,6.2822,0.0201,none,none,TRUE,FALSE,FALSE,FALSE
IN Cha,IN Cha,T Tauri star,http://simbad.cds.unistra.fr/simbad/sim-id?Ident=Sz+40,168.0405488,-76.57680796,2016,2017A&A...604A.127M,MW,Cha I,192.5595009,0.812033634,M5,2017A&A...604A.127M,,,3125,2017A&A...604A.127M,-0.85,2017A&A...604A.127M,0.17,2017A&A...604A.127M,3.44,derived,,,,,,,1.29,derived,-9.34,2017A&A...604A.127M,0.032,2017A&A...604A.127M,6.3,2008hsf2.book..169L,-0.08,2014A&A...568A...2S,,,,,,,,,,,Gaia DR3 5201303874764724352,5.1932,0.0219,none,none,TRUE,FALSE,FALSE,FALSE
SSTc2dJ160000.6-422158,SSTc2dJ160000.6-422158,T Tauri star,http://simbad.cds.unistra.fr/simbad/sim-id?Ident=2MASS+J16000060-4221567,240.0024395,-42.36588903,2016,2017A&A...600A..20A ,MW,Lupus IV,159.4336915,0.805785533,M4.5,2017A&A...600A..20A,,,3200,2017A&A...600A..20A ,-1.06,2017A&A...600A..20A ,0.2,2017A&A...600A..20A,,,,,,,,,,,-9.81,2017A&A...600A..20A,0,2017A&A...600A..20A,,,,,,,,,,,15.85,none,,,Gaia DR3 5995139690801717120,6.2722,0.0317,none,none,TRUE,FALSE,FALSE,FALSE
WZ Cha,WZ Cha,T Tauri star,http://simbad.cds.unistra.fr/simbad/sim-id?Ident=V*+WZ+Cha,167.7217561,-76.57557529,2016,2017A&A...604A.127M,MW,Cha I,193.2255135,0.616045635,M3,2017A&A...604A.127M,,,3415,2017A&A...604A.127M,-0.8,2017A&A...604A.127M,0.3,2017A&A...604A.127M,3.79,derived,,,,,,,1.14,derived,-7.96,2017A&A...604A.127M,0.387,2017A&A...604A.127M,6.3,2008hsf2.book..169L,-0.08,2014A&A...568A...2S,,,,,,,15.48,none,,,Gaia DR3 5201303325008889856,5.1753,0.0165,none,none,TRUE,FALSE,FALSE,FALSE
SSTc2dJ161344.1-373646,SSTc2dJ161344.1-373646,T Tauri star,http://simbad.cds.unistra.fr/simbad/sim-id?Ident=2MASS+J16134410-3736462,243.4336777,-37.61295412,2016,2017A&A...600A..20A ,MW,Lupus III,158.5489599,1.304650403,M5,2017A&A...600A..20A,,,3125,2017A&A...600A..20A ,-1.16,2017A&A...600A..20A ,0.16,2017A&A...600A..20A,,,,,,,,,,,-8.94,2017A&A...600A..20A,0.194,2017A&A...600A..20A,,,,,,,,,,,17.32,none,,,Gaia DR3 5997644343928854656,6.3072,0.0519,none,none,TRUE,FALSE,FALSE,FALSE
VZ Cha,VZ Cha,T Tauri star,http://simbad.cds.unistra.fr/simbad/sim-id?Ident=V*+VZ+Cha,167.34865,-76.38912858,2016,2017A&A...604A.127M,MW,Cha I,191.1241925,0.562538237,M0.5,2017A&A...604A.127M,,,3780,2017A&A...604A.127M,-0.26,2017A&A...604A.127M,0.49,2017A&A...604A.127M,3.64,derived,,,,,,,1.73,derived,-7.33,2017A&A...604A.127M,0.387,2017A&A...604A.127M,6.3,2008hsf2.book..169L,-0.08,2014A&A...568A...2S,,,,,,,12.94,none,,,Gaia DR3 5201353936903777152,5.2322,0.0154,none,none,TRUE,FALSE,FALSE,FALSE
SSTc2dJ161243.8-381503,SSTc2dJ161243.8-381503,T Tauri star,http://simbad.cds.unistra.fr/simbad/sim-id?Ident=2MASS+J16124373-3815031,243.1822433,-38.25095395,2016,2017A&A...600A..20A ,MW,Lupus III,159.8491024,0.454820893,M1,2017A&A...600A..20A,,,3705,2017A&A...600A..20A ,-0.21,2017A&A...600A..20A ,0.44,2017A&A...600A..20A,,,,,,,,,,,-8.76,2017A&A...600A..20A,0.258,2017A&A...600A..20A,,,,,,,,,,,13.44,none,,,Gaia DR3 5997549820286701440,6.2559,0.0178,none,none,TRUE,FALSE,FALSE,FALSE
RECX 5,EK Cha,T Tauri star,http://simbad.cds.unistra.fr/simbad/sim-id?Ident=V*+EK+Cha,130.6122009,-78.96318907,2016,2018A&A...609A..70R,MW,eta Cha,98.50081756,0.133893273,M4.5,2018A&A...609A..70R,,,3085,2018A&A...609A..70R,-1.17,2018A&A...609A..70R,0.15,2018A&A...609A..70R,3.69,derived,,,,,,,0.91,derived,-9.89,2018A&A...609A..70R,0,2018A&A...609A..70R,,,,,,,,,,,15.2,none,,,Gaia DR3 5209037736474704512,10.1522,0.0138,none,none,TRUE,FALSE,FALSE,FALSE
RECX 9,EN Cha,T Tauri star,http://simbad.cds.unistra.fr/simbad/sim-id?Ident=V*+EN+Cha,131.0676563,-78.98545148,2016,2018A&A...609A..70R,MW,eta Cha,none,none,M4.5,2018A&A...609A..70R,,,3085,2018A&A...609A..70R,-1.02,2018A&A...609A..70R,0.15,2018A&A...609A..70R,3.54,derived,,,,,,,1.08,derived,-9.92,2018A&A...609A..70R,0,2018A&A...609A..70R,,,,,,,,,,,15,none,,,Gaia DR3 5209025366968905856,         ,       ,none,none,TRUE,FALSE,FALSE,FALSE
ECHA-J0844.2-7833,RECX 16,T Tauri star,http://simbad.cds.unistra.fr/simbad/sim-id?Ident=2MASS+J08440915-7833457,131.0374963,-78.56259838,2016,2018A&A...609A..70R,MW,eta Cha,99.56093627,0.389556535,M6.0,2018A&A...609A..70R,,,2860,2018A&A...609A..70R,-2.11,2018A&A...609A..70R,0.052,2018A&A...609A..70R,4.03,derived,,,,,,,0.36,derived,-10.18,2018A&A...609A..70R,0,2018A&A...609A..70R,,,,,,,,,,,18.4,none,,,Gaia DR3 5209140815689766144,10.0441,0.0393,none,none,TRUE,FALSE,FALSE,FALSE
2MASSJ11432669-7804454,[FLG2003] eps Cha 17,T Tauri star,http://simbad.cds.unistra.fr/simbad/sim-id?Ident=[FLG2003]+eps+Cha+17,175.8602743,-78.07932585,2016,2017A&A...604A.127M,MW,Cha I,153.435419,9.671229346,M5.5,2017A&A...604A.127M,,,3060,2017A&A...604A.127M,-1.05,2017A&A...604A.127M,0.14,2017A&A...604A.127M,3.52,derived,,,,,,,1.07,derived,-8.71,2017A&A...604A.127M,0.129,2017A&A...604A.127M,6.3,2008hsf2.book..169L,-0.08,2014A&A...568A...2S,,,,,,,,,,,Gaia DR3 5200220890172379264,6.5174,0.4108,none,none,TRUE,FALSE,FALSE,FALSE
CHX18N,CHX18N,T Tauri star,http://simbad.cds.unistra.fr/simbad/sim-id?Ident=CHX+18N,167.9426591,-76.33582009,2016,2017A&A...604A.127M,MW,Cha I,191.6149306,0.378177701,K2,2017A&A...604A.127M,,,4900,2017A&A...604A.127M,0.01,2017A&A...604A.127M,1.25,2017A&A...604A.127M,4.23,derived,,,,,,,1.41,derived,-8.09,2017A&A...604A.127M,0.258,2017A&A...604A.127M,6.3,2008hsf2.book..169L,-0.08,2014A&A...568A...2S,,,,,,,11.96,none,,,Gaia DR3 5225327134382282880,5.2188,0.0103,none,none,TRUE,FALSE,FALSE,FALSE
Sz45,Sz45,T Tauri star,http://simbad.cds.unistra.fr/simbad/sim-id?Ident=Ass+Cha+T+1-32,169.4036279,-77.07726223,2016,2017A&A...604A.127M,MW,Cha I,188.8752479,0.527973117,M0.5,2017A&A...604A.127M,,,3780,2017A&A...604A.127M,-0.38,2017A&A...604A.127M,0.51,2017A&A...604A.127M,3.78,derived,,,,,,,1.51,derived,-8.09,2017A&A...604A.127M,0.226,2017A&A...604A.127M,6.3,2008hsf2.book..169L,-0.08,2014A&A...568A...2S,,,,,,,13.5,none,,,Gaia DR3 5201272195086070144,5.2945,0.0148,none,none,TRUE,FALSE,FALSE,FALSE
Sz10,Sz10 ,T Tauri star,http://simbad.cds.unistra.fr/simbad/sim-id?Ident=Ass+Cha+T+1-8,165.7287898,-77.36410659,2016,2017A&A...604A.127M,MW,Cha I,184.2027704,1.330081897,M4.5,2017A&A...604A.127M,,,3200,2017A&A...604A.127M,-0.82,2017A&A...604A.127M,0.19,2017A&A...604A.127M,3.5,derived,,,,,,,1.27,derived,-8.7,2017A&A...604A.127M,0.258,2017A&A...604A.127M,6.3,2008hsf2.book..169L,-0.08,2014A&A...568A...2S,,,,,,,16.25,none,,,Gaia DR3 5201206052588955264,5.4288,0.0392,none,none,TRUE,FALSE,FALSE,FALSE
XX Cha,XX Cha,T Tauri star,http://simbad.cds.unistra.fr/simbad/sim-id?Ident=V*+XX+Cha,167.9148933,-76.33751006,2016,2017A&A...604A.127M,MW,Cha I,192.0860546,0.796976331,M3.5,2017A&A...604A.127M,,,3340,2017A&A...604A.127M,-0.54,2017A&A...604A.127M,0.25,2017A&A...604A.127M,3.42,derived,,,,,,,1.61,derived,-7.41,2017A&A...604A.127M,0.323,2017A&A...604A.127M,6.3,2008hsf2.book..169L,-0.08,2014A&A...568A...2S,,,,,,,15.28,none,,,Gaia DR3 5225374074083637376,5.206,0.0216,none,none,TRUE,FALSE,FALSE,FALSE
SY Cha,SY Cha,T Tauri star,http://simbad.cds.unistra.fr/simbad/sim-id?Ident=V*+SY+Cha,164.126142,-77.19426587,2016,2017A&A...604A.127M,MW,Cha I,180.7337791,0.388709917,K7,2017A&A...604A.127M,,,4060,2017A&A...604A.127M,-0.37,2017A&A...604A.127M,0.78,2017A&A...604A.127M,4.08,derived,,,,,,,1.32,derived,-9.41,2017A&A...604A.127M,0.161,2017A&A...604A.127M,6.3,2008hsf2.book..169L,-0.08,2014A&A...568A...2S,,,,,,,13.8,none,,,Gaia DR3 5201388292344009984,5.533,0.0119,none,none,TRUE,FALSE,FALSE,FALSE
Sz19,DI Cha,T Tauri star,http://simbad.cds.unistra.fr/simbad/sim-id?Ident=V*+DI+Cha,166.8358969,-77.63535796,2016,2017A&A...604A.127M,MW,Cha I,188.9894733,0.475036379,K0,2017A&A...604A.127M,,,5110,2017A&A...604A.127M,0.71,2017A&A...604A.127M,2.08,2017A&A...604A.127M,3.82,derived,,,,,,,2.9,derived,-7.63,2017A&A...604A.127M,0.484,2017A&A...604A.127M,6.3,2008hsf2.book..169L,-0.08,2014A&A...568A...2S,,,,,,,10.93,none,,,Gaia DR3 5201129121134048768,5.2913,0.0133,none,none,TRUE,FALSE,FALSE,FALSE
HD-104237E,[FLG2003] eps Cha 7,T Tauri star,http://simbad.cds.unistra.fr/simbad/sim-id?Ident=%5BFLG2003%5D+eps+Cha+7,180.0378731,-78.19510764,2016,2013A&A...549A..15F,MW,eps Cha,100.1983928,0.323278917,K5.5,2013A&A...549A..15F,,,4278,2013A&A...549A..15F,-0.04,2013A&A...549A..15F,0.9,2013A&A...549A..15F,3.9,derived,,,,,,,1.74,derived,-9.07,2013A&A...549A..15F,0.323,2013A&A...549A..15F,,,,,,,,,,,12.08,none,,,Gaia DR3 5836666564480769280,9.9802,0.0322,none,none,TRUE,FALSE,FALSE,FALSE
Sz110,V1193 Sco,T Tauri star,http://simbad.cds.unistra.fr/simbad/sim-id?Ident=V*+V1193+Sco,242.2148179,-39.05502222,2016,2017A&A...600A..20A ,MW,Lupus III,157.4902356,0.590315549,M4,2014A&A...561A...2A,,,3270,2017A&A...600A..20A ,-0.56,2017A&A...600A..20A ,0.22,2014A&A...561A...2A,,,,,,,,,,,-8.53,2014A&A...561A...2A,0,2014A&A...561A...2A,,,,,,,,,,,14.58,none,,,Gaia DR3 5997082390415552768,6.3496,0.0238,none,none,TRUE,FALSE,FALSE,FALSE
RXJ1842.9-3532,WRAY 15-1880,T Tauri star,http://simbad.cds.unistra.fr/simbad/sim-id?Ident=WRAY+15-1880,280.7415961,-35.54534957,2016,2014A&A...568A..18M,MW,CrA,151.0300248,0.410581231,K2,2014A&A...568A..18M,,,4900,2014A&A...568A..18M,-0.25,2014A&A...568A..18M,0.93,2014A&A...568A..18M,4.37,derived,,,,,,,1.03,2014A&A...568A..18M,-8.8,2014A&A...568A..18M,0.129,2014A&A...568A..18M,,,,,,,,,,,11.77,none,,,Gaia DR3 6733646363730649856,6.6212,0.018,none,none,TRUE,FALSE,FALSE,FALSE
Sz84,Sz84,T Tauri star,http://simbad.cds.unistra.fr/simbad/sim-id?Ident=Sz+84,239.510431,-37.60086067,2016,2017A&A...600A..20A ,MW,Lupus I,155.5790653,1.081956596,M5,2014A&A...561A...2A,,,3125,2017A&A...600A..20A ,-0.91,2017A&A...600A..20A ,0.16,2014A&A...561A...2A,,,,,,,,,,,-9.21,2014A&A...561A...2A,0,2014A&A...561A...2A,,,,,,,,,,,16.16,none,,,Gaia DR3 6010216537834709760,6.4276,0.0447,none,none,TRUE,FALSE,FALSE,FALSE
RXJ1556.1-3655,WRAY 15-1384,T Tauri star,http://simbad.cds.unistra.fr/simbad/sim-id?Ident=WRAY+15-1384,239.0086817,-36.92462072,2016,2017A&A...600A..20A ,MW,Lupus II,157.955425,0.573848074,M1,2017A&A...600A..20A,,,3705,2017A&A...600A..20A ,-0.63,2017A&A...600A..20A ,0.5,2017A&A...600A..20A,,,,,,,,,,,-7.92,2017A&A...600A..20A,0.323,2017A&A...600A..20A,,,,,,,14.91,none,,,13.85,none,,,Gaia DR3 6010483616079976448,6.3309,0.023,none,none,TRUE,FALSE,FALSE,FALSE
Sz82,IM Lup,T Tauri star,http://simbad.cds.unistra.fr/simbad/sim-id?Ident=THA+15-12,239.0382932,-37.93514048,2016,2017A&A...600A..20A ,MW,Lupus II,155.823919,0.534184062,K5,2017A&A...600A..20A,,,4350,2017A&A...600A..20A ,0.37,2017A&A...600A..20A ,0.95,2017A&A...600A..20A,,,,,,,,,,,-8.04,2017A&A...600A..20A,0.29,2017A&A...600A..20A,,,,,,,,,,,11.93,none,,,Gaia DR3 6010135758090335232,6.4175,0.022,none,none,TRUE,FALSE,FALSE,FALSE
Sz114,V908 Sco,T Tauri star,http://simbad.cds.unistra.fr/simbad/sim-id?Ident=THA+15-35,242.2576482,-39.08688869,2016,2017A&A...600A..20A ,MW,Lupus III,156.7594683,0.567648564,M4.8,2014A&A...561A...2A,,,3175,2017A&A...600A..20A ,-0.51,2017A&A...600A..20A ,0.21,2014A&A...561A...2A,,,,,,,,,,,-8.96,2014A&A...561A...2A,0.097,2014A&A...561A...2A,,,,,,,,,,,14.12,none,,,Gaia DR3 5997410491550194816,6.3792,0.0231,none,none,TRUE,FALSE,FALSE,FALSE
Sz99,Sz99,T Tauri star,http://simbad.cds.unistra.fr/simbad/sim-id?Ident=THA+15-25,242.1001237,-39.09717,2016,2017A&A...600A..20A ,MW,Lupus III,158.290463,1.074896852,M4,2014A&A...561A...2A,,,3270,2017A&A...600A..20A ,-1.13,2017A&A...600A..20A ,0.23,2014A&A...561A...2A,,,,,,,,,,,-9.41,2014A&A...561A...2A,0,2014A&A...561A...2A,,,,,,,,,,,16,none,,,Gaia DR3 5997082768372892160,6.3175,0.0429,none,none,TRUE,FALSE,FALSE,FALSE
Sz117,Sz117,T Tauri star,http://simbad.cds.unistra.fr/simbad/sim-id?Ident=THA+15-37,242.4347895,-39.22515516,2016,2017A&A...600A..20A ,MW,Lupus III,156.9489131,0.487732634,M3.5,2017A&A...600A..20A,,,3340,2017A&A...600A..20A ,-0.35,2017A&A...600A..20A ,0.26,2017A&A...600A..20A,,,,,,,,,,,-8.61,2017A&A...600A..20A,0.161,2017A&A...600A..20A,,,,,,,,,,,14.59,none,,,Gaia DR3 5997393311680941696,6.3715,0.0198,none,none,TRUE,FALSE,FALSE,FALSE
Sz97,Sz97,T Tauri star,http://simbad.cds.unistra.fr/simbad/sim-id?Ident=THA+15-24,242.0907974,-39.07274328,2016,2017A&A...600A..20A ,MW,Lupus III,157.3415571,0.648616778,M4,2014A&A...561A...2A,,,3270,2017A&A...600A..20A ,-0.77,2017A&A...600A..20A ,0.23,2014A&A...561A...2A,,,,,,,,,,,-9.53,2014A&A...561A...2A,0,2014A&A...561A...2A,,,,,,,,,,,14.61,none,,,Gaia DR3 5997082871452217344,6.3556,0.0262,none,none,TRUE,FALSE,FALSE,FALSE
Sz100,Sz100,T Tauri star,http://simbad.cds.unistra.fr/simbad/sim-id?Ident=THA+15-26,242.1072886,-39.10044489,2016,2017A&A...600A..20A ,MW,Lupus III,141.039745,2.615825572,M5.5,2014A&A...561A...2A,,,3057,2017A&A...600A..20A ,-0.77,2017A&A...600A..20A ,0.16,2014A&A...561A...2A,,,,,,,,,,,-9.44,2014A&A...561A...2A,0,2014A&A...561A...2A,,,,,,,,,,,15.43,none,,,Gaia DR3 5997082046818385408,7.0902,0.1315,none,none,TRUE,FALSE,FALSE,FALSE
Sz98,V1279 Sco,T Tauri star,http://simbad.cds.unistra.fr/simbad/sim-id?Ident=V*+V1279+Sco,242.0936679,-39.07967209,2016,2017A&A...600A..20A ,MW,Lupus III,156.2744179,0.569025463,K7,2017A&A...600A..20A,,,4060,2017A&A...600A..20A ,0.4,2017A&A...600A..20A ,0.7,2017A&A...600A..20A,,,,,,,,,,,-7.23,2017A&A...600A..20A,0.323,2017A&A...600A..20A,,,,,,,,,,,13.66,none,,,Gaia DR3 5997082867132347136,6.399,0.0233,none,none,TRUE,FALSE,FALSE,FALSE
RXJ1852.3-3700,RXJ1852.3-3700,T Tauri star,http://simbad.cds.unistra.fr/simbad/sim-id?Ident=IRAS+18489-3703,283.0721053,-37.00344503,2016,2014A&A...568A..18M,MW,CrA,147.0891066,0.536553091,K2,2014A&A...568A..18M,,,4900,2014A&A...568A..18M,-0.11,2014A&A...568A..18M,1.04,2014A&A...568A..18M,4.28,derived,,,,,,,1.21,2014A&A...568A..18M,-8.7,2014A&A...568A..18M,0.323,2014A&A...568A..18M,,,,,,,,,,,12.19,none,,,Gaia DR3 6731011315385156224,6.7986,0.0248,none,none,TRUE,FALSE,FALSE,FALSE
Sz129,Sz129,T Tauri star,http://simbad.cds.unistra.fr/simbad/sim-id?Ident=WRAY+15-1400,239.8185685,-41.95296394,2016,2017A&A...600A..20A ,MW,Lupus IV,160.1306666,0.4384753,K7,2017A&A...600A..20A,,,4060,2017A&A...600A..20A ,-0.43,2017A&A...600A..20A ,0.79,2017A&A...600A..20A,,,,,,,,,,,-8.4,2017A&A...600A..20A,0.29,2017A&A...600A..20A,,,,,,,,,,,12,none,,,Gaia DR3 5995168724780802944,6.2449,0.0171,none,none,TRUE,FALSE,FALSE,FALSE
Sz104,Sz104,T Tauri star,http://simbad.cds.unistra.fr/simbad/sim-id?Ident=THA+15-30,242.1283414,-39.09700787,2016,2017A&A...600A..20A ,MW,Lupus III,159.810784,1.062442646,M5,2014A&A...561A...2A,,,3125,2017A&A...600A..20A ,-0.99,2017A&A...600A..20A ,0.16,2014A&A...561A...2A,,,,,,,,,,,-9.75,2014A&A...561A...2A,0,2014A&A...561A...2A,,,,,,,,,,,15.25,none,,,Gaia DR3 5997082149897384320,6.2574,0.0416,none,none,TRUE,FALSE,FALSE,FALSE
Sz103,Sz103,T Tauri star,http://simbad.cds.unistra.fr/simbad/sim-id?Ident=THA+15-29,242.1260672,-39.10320802,2016,2017A&A...600A..20A ,MW,Lupus III,157.1536334,1.029875929,M4,2014A&A...561A...2A,,,3270,2017A&A...600A..20A ,-0.73,2017A&A...600A..20A ,0.22,2014A&A...561A...2A,,,,,,,,,,,-8.99,2014A&A...561A...2A,0.226,2014A&A...561A...2A,,,,,,,,,,,11.14,none,,,Gaia DR3 5997082046818384768,6.3632,0.0417,none,none,TRUE,FALSE,FALSE,FALSE
Sz115,Sz115,T Tauri star,http://simbad.cds.unistra.fr/simbad/sim-id?Ident=Sz+115,242.2758263,-39.14784965,2016,2017A&A...600A..20A ,MW,Lupus III,155.8214909,0.922652807,M4.5,2014A&A...561A...2A,,,3197,2017A&A...600A..20A ,-0.76,2017A&A...600A..20A ,0.19,2014A&A...561A...2A,,,,,,,,,,,-9.24,2014A&A...561A...2A,0.161,2014A&A...561A...2A,,,,,,,,,,,15.48,none,,,Gaia DR3 5997034252420531712,6.4176,0.038,none,none,TRUE,FALSE,FALSE,FALSE
RXJ0438.6+1546,HD285957,T Tauri star,http://simbad.cds.unistra.fr/simbad/sim-id?Ident=HD+285957,69.66286169,15.77034849,2016,2017A&A...605A..86M,MW,Taurus,139.8210291,0.346033587,K2,2017A&A...605A..86M,,,4900,2017A&A...605A..86M,-0.024,2017A&A...605A..86M,1.2,2017A&A...605A..86M,,,,,,,,,,,-9.52,2017A&A...605A..86M,0.097,2017A&A...605A..86M,,,,,,,,,,,10.86,none,,,Gaia DR3 3309970392669539200,7.152,0.0177,none,none,TRUE,FALSE,FALSE,FALSE
RECX 6,EL Cha,T Tauri star,http://simbad.cds.unistra.fr/simbad/sim-id?Ident=V*+EL+Cha,130.660924,-78.91175125,2016,2018A&A...609A..70R,MW,eta Cha,98.10365632,0.150139507,M3,2018A&A...609A..70R,,,3410,2018A&A...609A..70R,-1,2018A&A...609A..70R,0.3,2018A&A...609A..70R,,,,,,,,,,,-10.6,2018A&A...609A..70R,0,2018A&A...609A..70R,,,,,,,,,,,14.1,none,,,Gaia DR3 5209038423669475712,10.1933,0.0156,none,none,TRUE,FALSE,FALSE,FALSE
ECHA J0843.3-7915,ET Cha,T Tauri star,http://simbad.cds.unistra.fr/simbad/sim-id?Ident=V*+ET+Cha,130.8267831,-79.08826836,2016,2018A&A...609A..70R,MW,eta Cha,103.3527637,2.402335415,M4.0,2018A&A...609A..70R,,,3190,2018A&A...609A..70R,-1.14,2018A&A...609A..70R,0.2,2018A&A...609A..70R,,,,,,,,,,,-9.12,2018A&A...609A..70R,0,2004ApJ...609..917L,,,,,,,,,,,13.97,none,,,Gaia DR3 5209024366240981632,9.6756,0.2249,none,none,TRUE,FALSE,FALSE,TRUE
RECX 1,EG Cha,T Tauri star,http://simbad.cds.unistra.fr/simbad/sim-id?Ident=V*+EG+Cha,129.2335398,-78.94589,2016,2018A&A...609A..70R,MW,eta Cha,98.91294672,0.897171803,K6.0,2018A&A...609A..70R,,,4115,2018A&A...609A..70R,-0.0088,2018A&A...609A..70R,0.75,2018A&A...609A..70R,,,,,,,,,,,-9.12,2018A&A...609A..70R,0,2004ApJ...609..917L,,,,,,,,,,,10.457,none,,,Gaia DR3 5209082129256747008,10.1099,0.0917,none,none,TRUE,FALSE,FALSE,TRUE
RECX 11,EP Cha,T Tauri star,http://simbad.cds.unistra.fr/simbad/sim-id?Ident=V*+EP+Cha,131.7561483,-78.99276426,2016,2018A&A...609A..70R,MW,eta Cha,98.81618214,0.10838748,K6.0,2018A&A...609A..70R,,,4115,2018A&A...609A..70R,-0.34,2018A&A...609A..70R,0.83,2018A&A...609A..70R,,,,,,,,,,,-9.7,2018A&A...609A..70R,0,2004ApJ...609..917L,,,,,,,,,,,11.1,none,,,Gaia DR3 5209023133585929984,10.1198,0.0111,none,none,TRUE,FALSE,FALSE,TRUE
MY Lup,MY Lup,T Tauri star,http://simbad.cds.unistra.fr/simbad/sim-id?Ident=V*+MY+Lup,240.1854313,-41.92536273,2016,2017A&A...600A..20A,MW,Lupus IV ,157.158573,0.876808006,K0  ,2017A&A...600A..20A,,,5100,2017A&A...600A..20A,-0.11,2017A&A...600A..20A,1.06,2017A&A...600A..20A,,,,,,,,,,,-9.67,2017A&A...600A..20A,0.419,2017A&A...600A..20A,,,,,,,,,,,12.17,none,,,Gaia DR3 5995177933191206016,6.363,0.0355,none,none,TRUE,FALSE,FALSE,TRUE
RY Lup,RY Lup,T Tauri star,http://simbad.cds.unistra.fr/simbad/sim-id?Ident=V*+RY+Lup,239.868213,-40.36433478,2016,2017A&A...600A..20A,MW,Lupus IV ,153.4848741,1.422879437,K2  ,2017A&A...600A..20A,,,4900,2017A&A...600A..20A,0.22,2017A&A...600A..20A,1.4,2017A&A...600A..20A,,,,,,,,,,,-8.19,2017A&A...600A..20A,0.129,2017A&A...600A..20A,,,,,,,,,,,9.9,none,,,Gaia DR3 5996151172781298304,6.5153,0.0604,none,none,TRUE,FALSE,FALSE,TRUE
SSTc2dJ160830.7-382827,SSTc2dJ160830.7-382827,T Tauri star,http://simbad.cds.unistra.fr/simbad/sim-id?Ident=IRAS+16051-3820,242.127858,-38.47423635,2016,2017A&A...600A..20A,MW,Lupus III,153.4212949,0.717911859,K2  ,2017A&A...600A..20A,,,4900,2017A&A...600A..20A,0.48,2017A&A...600A..20A,1.4,2017A&A...600A..20A,,,,,,,,,,,-8.96,2017A&A...600A..20A,0.065,2017A&A...600A..20A,,,,,,,,,,,11.15,none,,,Gaia DR3 5997490206145065088,6.518,0.0305,none,none,TRUE,FALSE,FALSE,TRUE
Sz68,HT Lup,T Tauri star,http://simbad.cds.unistra.fr/simbad/sim-id?Ident=CD-33+10685,236.3035392,-34.29194247,2016,2017A&A...600A..20A ,MW,Lupus I  ,153.4754516,1.290798341,K2  ,2017A&A...600A..20A,,,4900,2017A&A...600A..20A,0.71,2017A&A...600A..20A,1.4,2017A&A...600A..20A,,,,,,,,,,,-8.24,2017A&A...600A..20A,0.323,2017A&A...600A..20A,,,,,,,,,,,10.224,none,,,Gaia DR3 6014696841553696768,6.5157,0.0548,none,none,TRUE,FALSE,FALSE,TRUE
VW Cha,VW Cha,T Tauri star,http://simbad.cds.unistra.fr/simbad/sim-id?Ident=V*+VW+Cha,167.0058162,-77.70793569,2016,2017A&A...604A.127M,MW,Cha I,188.1573748,10.28462893,K7 ,2017A&A...604A.127M,,,4060,2017A&A...604A.127M,0.21,2017A&A...604A.127M,0.67,2017A&A...604A.127M,,,,,,,,,,,-7.6,2017A&A...604A.127M,0.613,2017A&A...604A.127M,,,,,,,13.91,none,,,12.8,none,,,Gaia DR3 5201126475432043776,5.3147,0.2905,none,none,TRUE,FALSE,FALSE,TRUE
CS Cha,CS Cha,T Tauri star,http://simbad.cds.unistra.fr/simbad/sim-id?Ident=V*+CS+Cha,165.6032095,-77.55988522,2016,2009ApJ...703.1964F,MW,Cha I,168.7735228,1.922703885,K2 ,2009ApJ...703.1964F,,,4900,2017A&A...604A.127M,0.28,2013ApJ...767..112I,0.9,2013ApJ...767..112I,,,,,,,,,,,-8.29,2013ApJ...767..112I,0.258,2017A&A...604A.127M,,,,,,,,,,,11.69,none,,,Gaia DR3 5201179389431267584,5.9251,0.0675,none,none,TRUE,FALSE,FALSE,TRUE
CV Cha,CV Cha,T Tauri star,http://simbad.cds.unistra.fr/simbad/sim-id?Ident=V*+CV+Cha,168.1150203,-76.73953197,2016,2009ApJ...703.1964F,MW,Cha I,191.7619084,0.522171339,K0 ,2009ApJ...703.1964F,,,,,,,1.5,2013ApJ...767..112I,,,,,,,,,,,-7.48,2017A&A...604A.127M,0.323,2009ApJ...703.1964F,,,,,,,,,,,10.98,none,,,Gaia DR3 5201295319189803392,5.2148,0.0142,none,none,TRUE,FALSE,FALSE,TRUE
LkCa 15,EM* LkCa 15,T Tauri star,http://simbad.cds.unistra.fr/simbad/sim-id?Ident=EM*+LkCa+15,69.82418065,22.35086379,2016,2011ApJS..195....3F,MW,Taurus,157.1857464,0.652274274,K5,2011ApJS..195....3F,,,,,-0.097,2013ApJ...767..112I,1.1,2013ApJ...767..112I,,,,,,,,,,,-8.51,2013ApJ...767..112I,0.355,2013ApJ...767..112I,,,,,,,,,,,12.03,none,,,Gaia DR3 144936836795636864 ,6.3619,0.0264,none,none,TRUE,FALSE,FALSE,TRUE
LkCa 19,EM* LkCa 19,T Tauri star,http://simbad.cds.unistra.fr/simbad/sim-id?Ident=HD+282630,73.90406303,30.29853179,2016,1995ApJS..101..117K,MW,Taurus,157.237649,0.519197243,K0,1995ApJS..101..117K,,,5250,1995ApJS..101..117K,0.23,2013ApJ...767..112I,1.3,1995ApJS..101..117K,,,,,,,,,,,,,0,1995ApJS..101..117K,,,,,,,,,,,11.12,none,,,Gaia DR3 156900622818205312 ,6.3598,0.021,none,none,TRUE,FALSE,FALSE,TRUE
LkCa 4,EM* LkCa 4,T Tauri star,http://simbad.cds.unistra.fr/simbad/sim-id?Ident=EM*+LkCa+4,64.11714711,28.12647714,2016,1995ApJS..101..117K,MW,Taurus,129.8178655,0.320200886,K7,1995ApJS..101..117K,,,4100,2014MNRAS.444.3220D,-0.05,2014MNRAS.444.3220D,0.79,2014MNRAS.444.3220D,,,,,,,,,,,,,0.22,2014MNRAS.444.3220D,,,,,,,,,,,12.78,none,,,Gaia DR3 164666022471759232 ,7.7031,0.019,none,none,TRUE,FALSE,FALSE,TRUE
AA Tau,AA Tau,T Tauri star,http://simbad.cds.unistra.fr/simbad/sim-id?Ident=V*+AA+Tau,68.73094346,24.48130632,2016,2011ApJS..195....3F,MW,Taurus,134.6710659,1.574230492,K7,2011ApJS..195....3F,,,4060,1995ApJS..101..117K,0,2013ApJ...767..112I,0.8,2013ApJ...767..112I,,,,,,,,,,,-7.82,2013ApJ...767..112I,0.613,2011ApJS..195....3F,,,,,,,13.14,none,,,12.2,none,,,Gaia DR3 147818450613367424 ,7.4255,0.0868,none,none,TRUE,FALSE,FALSE,TRUE
DE Tau,DE Tau,T Tauri star,http://simbad.cds.unistra.fr/simbad/sim-id?Ident=V*+DE+Tau,65.48186504,27.91826357,2016,2011ApJS..195....3F,MW,Taurus,128.0213027,0.414653185,M2,2011ApJS..195....3F,,,3580,1995ApJS..101..117K,-0.1,2013ApJ...767..112I,0.4,2013ApJ...767..112I,,,,,,,,,,,-7.55,2013ApJ...767..112I,0.29,2011ApJS..195....3F,,,,,,,15.18,none,,,13.8,none,,,Gaia DR3 152511475478780416 ,7.8112,0.0253,none,none,TRUE,FALSE,FALSE,TRUE
DK Tau A,V* DK Tau A,T Tauri star,http://simbad.cds.unistra.fr/simbad/sim-id?Ident=V*+DK+Tau+A,67.68436824,26.02344203,2016,2009ApJ...703.1964F,MW,Taurus,132.0184298,0.880157723,K7,2009ApJ...703.1964F,,,4060,1995ApJS..101..117K,0.2,2013ApJ...767..112I,0.7,2013ApJ...767..112I,,,,,,,,,,,-7.47,2013ApJ...767..112I,0.419,2009ApJ...703.1964F,,,,,,,,,,,,,,,Gaia DR3 151106780654065792 ,7.5747,0.0505,none,none,TRUE,FALSE,FALSE,TRUE
DM Tau,DM Tau,T Tauri star,http://simbad.cds.unistra.fr/simbad/sim-id?Ident=V*+DM+Tau,68.45311167,18.16935578,2016,2009ApJ...703.1964F,MW,Taurus,144.0486308,0.450275174,M1,2009ApJ...703.1964F,,,3720,1995ApJS..101..117K,-0.7,2013ApJ...767..112I,0.5,2013ApJ...767..112I,,,,,,,,,,,-8.54,2013ApJ...767..112I,0.226,2009ApJ...703.1964F,,,,,,,14.3,none,,,14,none,,,Gaia DR3 3314282402395528192,6.9421,0.0217,none,none,TRUE,FALSE,FALSE,TRUE
DN Tau,DN Tau,T Tauri star,http://simbad.cds.unistra.fr/simbad/sim-id?Ident=V*+DN+Tau,68.86410295,24.24960459,2016,2011ApJS..195....3F,MW,Taurus,128.600823,0.365493594,M0,2011ApJS..195....3F,,,3850,1995ApJS..101..117K,0.18,2013ApJ...767..112I,0.6,2013ApJ...767..112I,,,,,,,,,,,-8,2013ApJ...767..112I,0.29,2011ApJS..195....3F,,,,,,,13.56,none,,,11.5,none,,,Gaia DR3 147606657186323712 ,7.776,0.0221,none,none,TRUE,FALSE,FALSE,TRUE
DR Tau,DR Tau,T Tauri star,http://simbad.cds.unistra.fr/simbad/sim-id?Ident=V*+DR+Tau,71.77592068,16.97849768,2016,2011ApJS..195....3F,MW,Taurus,192.9645138,1.225041488,K5,2011ApJS..195....3F,,,4060,1995ApJS..101..117K,-0.4,2013ApJ...767..112I,0.9,2013ApJ...767..112I,,,,,,,,,,,-7.28,2013ApJ...767..112I,0.452,2011ApJS..195....3F,,,,,,,12.03,none,,,10.5,none,,,Gaia DR3 3406081865148861440,5.1823,0.0329,none,none,TRUE,FALSE,FALSE,TRUE
RU Lup,RU Lup,T Tauri star,http://simbad.cds.unistra.fr/simbad/sim-id?Ident=V*+RU+Lup,239.1762308,-37.82106815,2016,2014A&A...568A..18M,MW,Lupus II,157.5075997,0.997307488,K7,2014A&A...568A..18M,,,4060,2014A&A...568A..18M,0.118,2014A&A...568A..18M,1.15,2014A&A...568A..18M,,,3.71,2007A&A...461..253S,,,,,,,-7.37,2014A&A...568A..18M,0,2014A&A...568A..18M,,,,,,,,,11.7,2014A&A...568A..18M,11.4,2014A&A...568A..18M,,,Gaia DR3 6010114558131195392,6.3489,0.0402,none,none,TRUE,TRUE,FALSE,TRUE
BP Tau,BP Tau,T Tauri star,http://simbad.cds.unistra.fr/simbad/sim-id?Ident=V*+BP+Tau,64.81602015,29.10736411,2016,2011ApJS..195....3F,MW,Taurus-Auriga,127.3982725,0.587537578,K7,2011ApJS..195....3F,,,4060,1995ApJS..101..117K,0,2013ApJ...767..112I,0.8,2013ApJ...767..112I,,,8.19,2006PASP..118.1390P,,,,,,,-7.54,2013ApJ...767..112I,0.35,2011ApJS..195....3F,,,,,,,,,,,12.12,,,,Gaia DR3 164832740220756608 ,7.8494,0.0362,none,none,TRUE,TRUE,FALSE,TRUE
GM Aur,GM Aur,T Tauri star,http://simbad.cds.unistra.fr/simbad/sim-id?Ident=V*+GM+Aur,73.7957758,30.36638472,2016,2011ApJS..195....3F,MW,Taurus-Auriga,158.1077663,1.224905222,K7,2011ApJS..195....3F,,,4730,1995ApJS..101..117K,0.079,2013ApJ...767..112I,0.8,2013ApJ...767..112I,,,6.1,2010PASP..122..753P,,,,,,,-8.02,2013ApJ...767..112I,0.19,2011ApJS..195....3F,,,,,,,,,,,13.1,,,,Gaia DR3 156907907082740480 ,6.3248,0.049,none,none,TRUE,TRUE,FALSE,TRUE
TW Hya,TW Hya,T Tauri star,http://simbad.cds.unistra.fr/simbad/sim-id?Ident=V*+TW+Hya,165.4659029,-34.70479323,2016,1999ApJ...512L..63W,MW,TWA,60.13626879,0.054245562,K7,1999ApJ...512L..63W,,,,,-0.52,2013ApJ...767..112I,0.8,2013ApJ...767..112I,,,3.57,2008A&A...489L...9H,,,,,,,-8.74,2013ApJ...767..112I,0,1999ApJ...512L..63W,,,,,,,,,,,10.5,,,,Gaia DR3 5401795662560500352,16.6289,0.015,none,none,TRUE,TRUE,FALSE,TRUE
HN Tau A,HN Tau,T Tauri star,http://simbad.cds.unistra.fr/simbad/sim-id?Ident=V*+HN+Tau,68.41406647,17.86444597,2016,2011ApJS..195....3F,MW,Taurus,134.4248632,2.488245038,K5,2011ApJS..195....3F,,,4350,1995ApJS..101..117K,-0.15,2013ApJ...767..112I,1.1,2013ApJ...767..112I,,,,,,,,,,,-7.85,2013ApJ...767..112I,0.35,2011ApJS..195....3F,,,,,,,,,,,13.4,,,,Gaia DR3 3314237734735803392,7.4391,0.1377,none,none,TRUE,FALSE,FALSE,TRUE
IP Tau,IP Tau,T Tauri star,http://simbad.cds.unistra.fr/simbad/sim-id?Ident=V*+IP+Tau,66.23788486,27.19892091,2016,2011ApJS..195....3F,MW,Taurus,129.3794959,0.287911728,M0,2011ApJS..195....3F,,,3850,1995ApJS..101..117K,-0.15,2013ApJ...767..112I,0.6,2013ApJ...767..112I,,,,,,,,,,,-8.14,2013ApJ...767..112I,0.55,2011ApJS..195....3F,,,,,,,,,,,,,,,Gaia DR3 152226491513195648 ,7.7292,0.0172,none,none,TRUE,FALSE,FALSE,TRUE
MP MUS,MP MUS,T Tauri star,http://simbad.cds.unistra.fr/simbad/sim-id?Ident=CPD-68+1894,200.5309359,-69.63681652,2016,2002AJ....124.1670M,MW,Lower Centaurus-Crux,97.89333542,0.119788814,K1,2002AJ....124.1670M,,,5035,2002AJ....124.1670M,-0.046,2013ApJ...767..112I,1.1,2013ApJ...767..112I,,,,,,,,,,,-9.89,2013ApJ...767..112I,0.06,2002AJ....124.1670M,,,,,,,,,,,10.39,,,,Gaia DR3 5844296281847839232,10.2152,0.0125,none,none,TRUE,FALSE,FALSE,TRUE
RW Aur,RW Aur,T Tauri star,http://simbad.cds.unistra.fr/simbad/sim-id?Ident=V*+RW+Aur,76.9560812,30.40120459,2016,2011ApJS..195....3F,MW,Taurus,156.0987793,1.074577155,K0,2022A&A...667A.124G,,,4870,2022A&A...667A.124G,0.21,2022A&A...667A.124G,1.5,2022A&A...667A.124G,,,,,,,,,,,-6.93,2022A&A...667A.124G,1,2022A&A...667A.124G,,,,,,,,,10.86,none,9.6,none,,,Gaia DR3 156430822114424576 ,6.4062,0.0441,none,none,TRUE,FALSE,FALSE,TRUE
TWA 3A,TWA 3A,T Tauri star,http://simbad.cds.unistra.fr/simbad/sim-id?Ident=TWA+3A,167.6156531,-37.53105715,2016,1999ApJ...512L..63W,MW,TWA,37.05474097,0.051764129,M3,1999ApJ...512L..63W,,,,,-0.4,2013ApJ...767..112I,0.3,2013ApJ...767..112I,,,,,,,,,,,-10.01,2013ApJ...767..112I,0,1999ApJ...512L..63W,,,,,,,,,,,12.57,,,,Gaia DR3 5396978667759696000,26.9871,0.0377,none,none,TRUE,FALSE,FALSE,TRUE
V836 Tau,V836 Tau,T Tauri star,http://simbad.cds.unistra.fr/simbad/sim-id?Ident=V*+V836+Tau,75.77750987,25.38870272,2016,2011ApJS..195....3F,MW,Taurus,166.9950903,0.510338692,K7,2011ApJS..195....3F,,,4060,1995ApJS..101..117K,0,2013ApJ...767..112I,0.8,2013ApJ...767..112I,,,,,,,,,,,-8.96,2013ApJ...767..112I,0.48,2011ApJS..195....3F,,,,,,,,,,,13.49,,,,Gaia DR3 3420008412568724736,5.9882,0.0183,none,none,TRUE,FALSE,FALSE,TRUE
V397 Aur,V397 Aur,T Tauri star,http://simbad.cds.unistra.fr/simbad/sim-id?Ident=V*+V397+Aur,74.00847123,30.35091309,2016,1995ApJS..101..117K,MW,Taurus,165.2182533,2.249278669,K7+M2,1995ApJS..101..117K,,,4060,1995ApJS..101..117K,-0.097,2013ApJ...767..112I,0.8,1995ApJS..101..117K,,,,,,,,,,,,,0,1995ApJS..101..117K,,,,,,,,,,,11.72,,,,Gaia DR3 156902512603777408 ,6.0526,0.0824,none,none,TRUE,FALSE,FALSE,TRUE
HD 142527,HD 142527,T Tauri star,http://simbad.cds.unistra.fr/simbad/sim-id?Ident=HD+142527,239.1744688,-42.32324074,2016,2014ApJ...790...21M,MW,Lupus,159.2584925,0.720316795,F6-7III,2014ApJ...790...21M,,,6550,2014ApJ...790...21M,1.21,2014ApJ...790...21M,2,2014ApJ...790...21M,,,,,,,,,,,-6.7,2014ApJ...790...21M,0.25,2014ApJ...790...21M,,,,,,,,,,,8.34,,,,Gaia DR3 5994826707951507200,6.2791,0.0284,none,none,TRUE,FALSE,FALSE,TRUE
HD 169142,HD 169142,T Tauri star,http://simbad.cds.unistra.fr/simbad/sim-id?Ident=HD+169142,276.1240713,-29.78053707,2016,2015ApJ...798...94W,MW,other,114.8725489,0.353644827,A7V,2015ApJ...798...94W,,,7500,2015ApJ...798...94W,,,1.65,2015ApJ...798...94W,,,,,,,,,,,-8.68,2015ApJ...798...94W,0,2015ApJ...798...94W,,,,,,,,,,,8.16,,,,Gaia DR3 4048015133392824064,8.7053,0.0268,none,none,TRUE,FALSE,FALSE,TRUE
HK Ori,HK Ori,T Tauri star,http://simbad.cds.unistra.fr/simbad/sim-id?Ident=V*+HK+Ori,82.8668506,12.15281956,2016,2006ApJ...653..657M,MW,Ori OB1,none,none,A4,2006ApJ...653..657M,,,8511,2006ApJ...653..657M,1.89,2006ApJ...653..657M,3,2006ApJ...653..657M,,,,,,,,,,,-5.24,2011A&A...535A..99M,0.44,2006ApJ...653..657M,,,,,,,,,,,12.06,,,,Gaia DR3 3340972119446813440,         ,       ,none,none,TRUE,FALSE,FALSE,TRUE
UX Tau A,V* UX Tau A,T Tauri star,http://simbad.cds.unistra.fr/simbad/sim-id?Ident=V*+UX+Tau+A,67.51669855,18.23033127,2016,2014MNRAS.440.3444C,MW,Taurus,142.231325,0.665558769,K2,2014MNRAS.440.3444C,,,4900,2014MNRAS.440.3444C,,,1.3,2014MNRAS.440.3444C,,,,,,,,,,,-7.325,2014MNRAS.440.3444C,,,,,,,,,,,,,10.8,,,,Gaia DR3 3314508626912857472,7.0308,0.0329,none,none,TRUE,FALSE,FALSE,TRUE
Wa Oph 2,Wa Oph 2,T Tauri star,http://simbad.cds.unistra.fr/simbad/sim-id?Ident=Wa+Oph+2,242.9969003,-19.11491072,2016,2018MNRAS.473.1231A,MW,Upper Scorpius,137.0351084,0.32299228,K0,2018MNRAS.473.1231A,,,,,,,,,,,,,,,,,,,,,,,,,,,,,,,,,11.66,,,,Gaia DR3 6245812948756034816,7.2974,0.0172,none,none,TRUE,FALSE,FALSE,TRUE
2MASS-J15570234-1950419,2MASS J15570234-1950419,T Tauri star,http://simbad.cds.unistra.fr/simbad/sim-id?Ident=1RXS+J155702.5-195037,239.2597544,-19.84511709,2016,2018MNRAS.473.1231A,MW,Upper Scorpius,130.1541025,6.023896141,K7,2018MNRAS.473.1231A,,,,,,,0.77,2018MNRAS.473.1231A,,,,,,,,,,,,,,,,,,,,,,,,,11.67,,,,Gaia DR3 6247031035844387584,7.6832,0.3556,none,none,TRUE,FALSE,FALSE,TRUE
CVSO 35,CVSO 35,T Tauri star,http://simbad.cds.unistra.fr/simbad/sim-id?Ident=CVSO+35,81.44133783,1.763897145,2016,2005AJ....129..935C,MW,Ori OB1a,364.0997633,13.81365204,K7,2005AJ....129..935C,,,4060,2005AJ....129..935C,-0.14,2005AJ....129..935C,0.77,2005AJ....129..935C,,,,,,,,,,,-8.77,2005AJ....129..935C,0.25,2005AJ....129..935C,,,,,,,,,,,13.36,,,,Gaia DR3 3222267297922229248,2.7465,0.1042,none,none,TRUE,FALSE,FALSE,TRUE
KISO A-0903 134,KISO A-0903 134,T Tauri star,http://simbad.cds.unistra.fr/simbad/sim-id?Ident=Kiso+A-0903+134,81.73073525,1.67288989,2016,2017ApJ...844..169F,MW,Ori OB1a,360.5032626,4.249777096,,,,,,,,,0.4,2017ApJ...844..169F,,,,,,,,,,,-9.1,2017ApJ...844..169F,0,2017ApJ...844..169F,,,,,,,,,,,15.56,,,,Gaia DR3 3222237885987655424,2.7739,0.0327,none,none,TRUE,FALSE,FALSE,TRUE
CVSO 206,CVSO 206,T Tauri star,http://simbad.cds.unistra.fr/simbad/sim-id?Ident=Kiso+A-0903+109,81.17100207,1.910701023,2016,2017ApJ...844..169F,MW,Ori OB1a,336.3832078,3.360663775,,,,,,,,,0.8,2017ApJ...844..169F,,,,,,,,,,,-8.13,2017ApJ...844..169F,0.19,2017ApJ...844..169F,,,,,,,,,,,14.93,,,,Gaia DR3 3222286505017306240,2.9728,0.0297,none,none,TRUE,FALSE,FALSE,TRUE
[PGZ2001] J161031.9-191305,[PGZ2001] J161031.9-191305,T Tauri star,http://simbad.cds.unistra.fr/simbad/sim-id?Ident=[PGZ2001]+J161031.9-191305,242.6330901,-19.21846086,2016,2015ApJ...802...61L,MW,Upper Scorpius,137.1234248,0.763395045,K7,2001AJ....121.1040P,,,4000,2015ApJ...802...61L,,,0.77,2008ApJ...679..762K,,,,,,,,,,,,,0.35,2015ApJ...802...61L,,,,,,,,,,,13.56,,,,Gaia DR3 6245761404851201408,7.2927,0.0406,none,none,TRUE,FALSE,FALSE,TRUE
[PZ99] J161019.1-250230,[PZ99] J161019.1-250230,T Tauri star,http://simbad.cds.unistra.fr/simbad/sim-id?Ident=[PZ99]+J161019.1-250230,242.5799011,-25.04183387,2016,2010ApJ...724..835W,MW,Upper Scorpius,159.2584925,1.478678491,M1 ,2010ApJ...724..835W,,,3700,2010ApJ...724..835W,,,,,,,,,,,,,,,,,0.1,2010ApJ...724..835W,,,,,,,,,,,11.98,,,,Gaia DR3 6049748791208799488,6.2791,0.0583,none,none,TRUE,FALSE,FALSE,TRUE
RR Tau,RR Tau,T Tauri star,http://simbad.cds.unistra.fr/simbad/sim-id?Ident=V*+RR+Tau,84.87712535,26.37413731,2016,2012A&A...543A..59M,MW,other,810.1758082,19.6915452,A2-3IIIe,2010MNRAS.401.1199W,,,10000,2012A&A...543A..59M,,,,,,,,,,,,,,,-4.11,2012A&A...543A..59M,,,,,,,,,,,,,12.09,,,,Gaia DR3 3441021939498830976,1.2343,0.03,none,none,TRUE,FALSE,FALSE,TRUE
2MASS J04390163+2336029,[SCH2006b] J0439016+2336030,T Tauri star,http://simbad.cds.unistra.fr/simbad/sim-id?Ident=2MASS+J04390163+2336029,69.7568471,23.60072493,2016,2006AJ....132.2665S,MW,Taurus,126.7571713,0.432212535,M6,2006AJ....132.2665S,,,3125,2008ApJ...681..594H,-1.05,2008ApJ...681..594H,0.17,2008ApJ...681..594H,,,,,,,,,,,-9.36,2008ApJ...681..594H,0,2008ApJ...681..594H,,,,,,,,,,,16,,,,Gaia DR3 146764809236423808 ,7.8891,0.0269,none,none,TRUE,FALSE,FALSE,TRUE
Sz102,Sz102,T Tauri star,http://simbad.cds.unistra.fr/simbad/sim-id?Ident=WRAY+16-203,242.1238326,-39.05316237,2016,2017A&A...600A..20A ,MW,Lupus III,695.8458006,235.1766094,K2,2017A&A...600A..20A ,,,4900,2017A&A...600A..20A ,-1.83,2017A&A...600A..20A ,,,,,,,,,,,,,,,0.23,2017A&A...600A..20A ,,,,,,,,,,,15.91,,,,Gaia DR3 5997083008890845184,1.4371,0.4857,none,none,TRUE,FALSE,FALSE,TRUE
CE Ant,TWA 7,T Tauri star,http://simbad.cds.unistra.fr/simbad/sim-id?Ident=V*+CE+Ant,160.6247904,-33.67126227,2016,1999ApJ...512L..63W,MW,TWA,34.09745735,0.031739979,M3.2,1999ApJ...512L..63W,,,,,,,0.46,1999ApJ...512L..63W,,,,,,,,,,,-12,2013ApJ...767..112I,,,,,,,,,,,,,10.91,,,,Gaia DR3 5444751795151480320,29.3277,0.0273,none,none,TRUE,FALSE,FALSE,TRUE
UZ Tau E,V* UZ Tau E,T Tauri star,http://simbad.cds.unistra.fr/simbad/sim-id?Ident=V*+UZ+TAu+A,68.17949393,25.87518372,2016,2007AJ....134..241J,MW,Taurus,130.4376182,1.597611994,M1,2007AJ....134..241J,,,,,,,0.69,2007AJ....134..241J,,,,,,,,,,,-7.02,2012MNRAS.419..925J,,,,,,,,,,,,,,,,,Gaia DR3 151045650384137600 ,7.6665,0.0939,none,none,TRUE,FALSE,FALSE,TRUE
2MASSJ04383885+1546045,2MASS J04383885+1546045,T Tauri star companion,http://simbad.cds.unistra.fr/simbad/sim-id?Ident=2MASS+J04383885%2B1546045,69.66194168,15.76783389,2016,2019AJ....158...54E ,MW,Taurus,139.83276,0.351957614,M3,2019AJ....158...54E ,,,,,,,,,,,,,,,,,,,,,,,,,,,,,,,,,,,,,Gaia DR3 3309970392669539584,7.1514,0.018,none,none,TRUE,FALSE,FALSE,TRUE
CVSO-109A,CVSO 109A,T Tauri star companion,,83.13610687,-1.229437464,2016,2021RNAAS...5...36P,MW,Ori OB1b,none,none,,,,,,,,,,,,,,,,,,,,,,,,,,,,,,,,,,,,,,,,,,none,none,TRUE,FALSE,FALSE,FALSE
CVSO-109B,CVSO 109B,T Tauri star companion,,83.13599552,-1.2295746,2016,2021RNAAS...5...36P,MW,Ori OB1b,none,none,,,,,,,,,,,,,,,,,,,,,,,,,,,,,,,,,,,,,,,Gaia DR3 3217630382512239232,         ,       ,none,none,TRUE,FALSE,FALSE,FALSE
CVSO-165A,CVSO 165A,T Tauri star companion,,84.76072363,-1.342346479,2016,2021RNAAS...5...36P,MW,Ori OB1b,none,none,,,,,,,,,,,,,,,,,,,,,,,,,,,,,,,,,,,,,,,,,,none,none,TRUE,FALSE,FALSE,FALSE
CVSO-165B,CVSO 165B,T Tauri star companion,,84.76072363,-1.342346479,2016,2021RNAAS...5...36P,MW,Ori OB1b,none,none,,,,,,,,,,,,,,,,,,,,,,,,,,,,,,,,,,,,,,,,,,none,none,TRUE,FALSE,FALSE,FALSE
GAIA DR3 3217473697810165504,GAIA DR3 3217473697810165504,T Tauri star companion,,84.75978669,-1.341157429,2016,,MW,Ori OB1b,1332.445037,49.8890147,,,,,,,,,,,,,,,,,,,,,,,,,,,,,,,,,,,,,,,Gaia DR3 3217473697810165504,0.7505,0.0281,none,none,TRUE,FALSE,FALSE,FALSE
Haro 5-64B,Haro 5-64B,T Tauri star companion,http://simbad.u-strasbg.fr/simbad/sim-id?Ident=Haro+5-64B,83.026605,-1.183367211,2016,,MW,Ori OB1b,none,none,,,,,,,,,,,,,,,,,,,,,,,,,,,,,,,,,,,,,,,,,,none,none,TRUE,FALSE,FALSE,FALSE
GAIA DR3 5200232636905785728,GAIA DR3 5200232636905785728,T Tauri star companion,,175.8459327,-78.08212048,2016,,MW,Cha I,2316.423442,436.2409679,,,,,,,,,,,,,,,,,,,,,,,,,,,,,,,,,,,,,,,Gaia DR3 5200232636905785728,0.4317,0.0813,none,none,TRUE,FALSE,FALSE,FALSE
CVSO-36B,CVSO 36B,T Tauri star companion,http://simbad.cds.unistra.fr/simbad/sim-id?Ident=GAIA+EDR3+3222268122555927936,81.45900692,1.827259671,2016,,MW,Ori OB1b,333.2000533,13.87778444,,,,,,,,,,,,,,,,,,,,,,,,,,,,,,,,,,,,,,,Gaia DR3 3222268122555927936,3.0012,0.125,none,none,TRUE,FALSE,FALSE,FALSE
DQ Tau,DQ Tau,T Tauri star,http://simbad.cds.unistra.fr/simbad/sim-id?Ident=DQ+Tau,71.72108333,17.00003889,2016,1997AJ....113.1841M,MW,Taurus,,,M0-1,2016ApJ...818..156C,,,3700,2016ApJ...818..156C,-0.49,2016ApJ...818..156C,1.21,2016ApJ...818..156C,,,,,,,,,,,-7.3,2022ApJ...928...81F,0.16,2016ApJ...818..156C,,,,,,,14.56,none,13.67,none,12,none,,,Gaia DR2 3406269842981827712,,,TRUE,2016ApJ...818..156C,TRUE,FALSE,FALSE,TRUE
KK Oph,KK Oph,T Tauri star,http://simbad.cds.unistra.fr/simbad/sim-id?Ident=KK+Oph,257.5338333,-27.25522222,2016,2007A&A...464..687C,MW,other,,,A6V + G6V,2007A&A...464..687C,,,8317,2007A&A...464..687C,1.3,2007A&A...464..687C,1.6,2007A&A...464..687C,,,,,,,,,,,,,0.5,2007A&A...464..687C,,,,,,,12.86,none,12.79,none,12.22,none,,,,,,TRUE,2007A&A...464..687C,TRUE,FALSE,FALSE,TRUE
HD 104237,HD 104237,T Tauri star,http://simbad.cds.unistra.fr/simbad/sim-id?Ident=DX+Cha,180.020342,-78.19296063,2016,2013A&A...549A..15F,MW,eps Cha,106.6041256,0.485261571,A0,2006A&A...459..837G,,,9840,2006A&A...459..837G,0.778,2006A&A...459..837G,2,2006A&A...459..837G,,,,,,,,,,,-7.45,2006A&A...459..837G,0.1,2006A&A...459..837G,,,,,,,,,,,6.62,none,,,Gaia DR2 5836666564476158336,9.226,0.0582,TRUE,2021AJ....161...87D,TRUE,FALSE,FALSE,TRUE
CW Tau,CW Tau,T Tauri star,http://simbad.cds.unistra.fr/simbad/sim-id?Ident=CW+Tau,63.57089217,28.18260534,2016,2022A&A...667A.124G,MW,Taurus,131.5889,0.9,K0,2022A&A...667A.124G,,,4854,2022A&A...667A.124G,-0.4,2022A&A...667A.124G,0.9,2022A&A...667A.124G,,,,,,,,,0.89,2022A&A...667A.124G,-7.47,2022A&A...667A.124G,1.16,2022A&A...667A.124G,,,,,,,13.92,none,13.64,none,12.36,none,,,Gaia DR3 163184091252903936,7.601729485,0.03727604,FALSE,none,TRUE,FALSE,FALSE,TRUE
DF Tau,DF Tau,T Tauri star,http://simbad.cds.unistra.fr/simbad/sim-id?Ident=DF+Tau,66.76164923,25.70611945,2016,2022A&A...667A.124G,MW,Taurus,,,M2,2022A&A...667A.124G,,,3565,2022A&A...667A.124G,-0.46,2022A&A...667A.124G,0.35,2022A&A...667A.124G,,,,,,,,,1.55,2022A&A...667A.124G,-7.55,2022A&A...667A.124G,0,2022A&A...667A.124G,,,,,,,11.97,none,12.25,none,11.42,none,9.14,none,Gaia DR3 151179966897747840,5.667196863,0.49981314,FALSE,none,TRUE,FALSE,FALSE,TRUE
TWA 27,TWA 27,T Tauri star,http://simbad.cds.unistra.fr/simbad/sim-id?Ident=TWA+27,181.889079,-39.54844319,2016,2019A&A...632A..46V,MW,TWA,,,M9,2019A&A...632A..46V,,,2640,2019A&A...632A..46V,-2.19,2019A&A...632A..46V,0.019,2019A&A...632A..46V,,,,,,,,,0.35,2019A&A...632A..46V,-10.68,2019A&A...632A..46V,0,2019A&A...632A..46V,,,,,,,,,,,19.95,none,15.88,none,Gaia DR3 3459372646830687104,15.46239077,0.11630435,FALSE,none,TRUE,FALSE,FALSE,TRUE
GW Ori,GW Ori,T Tauri star,http://simbad.cds.unistra.fr/simbad/sim-id?Ident=GW+Ori,82.28495962,11.87018337,2016,2014A&A...570A.118F,MW,Lambda Orionis,,,G8,2014A&A...570A.118F,,,5500,2014A&A...570A.118F,1.68,2014A&A...570A.118F,3.9,2014A&A...570A.118F,,,,,,,,,7.6,2014A&A...570A.118F,-6.4,2014A&A...570A.118F,0.45,2014A&A...570A.118F,,,,,,,,,10.83,none,10.1,none,,,GAIA DR3 3340856533286969600,2.451004334,0.0623276,TRUE,2014A&A...570A.118F,TRUE,FALSE,FALSE,TRUE
V1044 Ori,V* V1044 Ori,T Tauri star,http://simbad.cds.unistra.fr/simbad/sim-id?Ident=V1044+Ori,83.56858749,-5.612680385,2016,2004AJ....128.1294C,MW,Ori OB1c,366.25,11.18,G2,2004AJ....128.1294C,,,5860,2004AJ....128.1294C,0.83,2004AJ....128.1294C,1.6,2004AJ....128.1294C,,,,,,,,,2.5,2004AJ....128.1294C,-7.55,2004AJ....128.1294C,0.13,2004AJ....128.1294C,9.2,2004AJ....128.1294C,,,,,12.31,2004AJ....128.1294C,12.11,2004AJ....128.1294C,11.36,2004AJ....128.1294C,10.47,2004AJ....128.1294C,GAIA DR3 3017260709226477056,2.578810957,0.020732729,FALSE,,TRUE,FALSE,FALSE,TRUE