targets,RA,DEC,AR_targets,SpT,E(B-V),U,archival exptime,flux1150,flux1200,flux1520,Settings,ETC_FUV_file,ETC_NUV_file
Sk -70 1|[M2002] 1015,4h45m32.43s,-70d15m11.2s,BR 1|BR1,WN3b,nan,14.97,6000|30601,nan,5.19E-14,3.74E-14,LWP/LWP/2599|SWP/SWP/1565,downloaded/LMC/IUE/[M2002]_1015.0/swp33443/swp33443.mxlo.gz|downloaded/LMC/IUE/[M2002]_1015.0/swp33443/swp33443mxlo_vo.fits,downloaded/LMC/IUE/[M2002]_1015.0/lwp03699/lwp03699.mxlo.gz|downloaded/LMC/IUE/[M2002]_1015.0/lwp03699/lwp03699mxlo_vo.fits
Sk -69 1|[M2002] 1020,4h45m32.82s,-69d28m01.5s,,B1 III,0.18,12.34,,nan,nan,nan,,Model,Model
Sk -70 1A|[M2002] 2790,4h47m27.69s,-70d33m45.9s,,O9 II,0.2,12.69,,nan,nan,nan,,Model,Model
Sk -69 4|[M2002] 3497,4h48m05.65s,-69d38m20.4s,,B6: I,0.1,12.1,,nan,nan,nan,,Model,Model
Sk -70 2|[M2002] 6563,4h49m58.04s,-70d21m03.2s,,B5 II,0.15,12.89,,nan,nan,nan,,Model,Model
Sk -69 11|[M2002] 7403,4h50m17.51s,-69d23m49.8s,,B4: I,0.19,12.14,,nan,nan,nan,,Model,Model
Sk -67 6|[M2002] 10876,4h51m30.73s,-67d28m23.2s,,B0 II,0.08,12.33,,nan,nan,nan,,Model,Model
Sk -67 7|[M2002] 11261,4h51m38.69s,-67d33m55.4s,,B9 I,-0.02,12.48,,nan,nan,nan,,Model,Model
Sk -69 14|[M2002] 11392,4h51m41.8s,-69d55m46.8s,,B9 I,0.16,12.51,,nan,nan,nan,,Model,Model
Sk -68 3|[M2002] 13060,4h52m15.53s,-68d24m27.1s,Sk-68.03,O9 I,0.13,12.01,12663,6.95E-13,nan,nan,FUSE/1045,Model,Model
Sk -70 7|[M2002] 13125,4h52m16.89s,-70d40m53.7s,,B3: I,0.12,12.86,,nan,nan,nan,,Model,Model
BI 9|[M2002] 14771,4h52m47.95s,-68d47m39.1s,,O8 III,0.05,12.49,,nan,nan,nan,,Model,Model
Sk -70 7A|[M2002] 14847,4h52m49.2s,-70d39m59.5s,,B6: I,0.11,12.82,,nan,nan,nan,,Model,Model
BI 8|[M2002] 15216,4h52m55.79s,-68d00m27.5s,BI 8,O8 III,0.05,12.89,2699,nan,3.26E-13,3.04E-13,SWP/SWP/1565,downloaded/LMC/IUE/[M2002]_15216.0/swp04898/swp04898.mxlo.gz|downloaded/LMC/IUE/[M2002]_15216.0/swp04898/swp04898mxlo_vo.fits,Model
BI 12|[M2002] 15504,4h53m00.88s,-68d01m32.5s,BI12,O7.5 III,0.07,12.26,20877,8.37E-13,nan,nan,FUSE/1045,Model,Model
Sk -67 9A|[M2002] 15712,4h53m04.72s,-67d08m00.8s,,O9 III,0.12,12.53,,nan,nan,nan,,Model,Model
BI 13|[M2002] 15830,4h53m06.48s,-68d03m23.1s,BI13|SK -68 005|S-68 005,O6.5 V,0.18,12.58,33517| 1598| 1500,5.96E-13,5.42E-13,5.03E-13,FUSE/1045|LWP/LWP/2599|SWP/SWP/1565,downloaded/LMC/IUE/[M2002]_15830.0/swp31043/swp31043.mxlo.gz|downloaded/LMC/IUE/[M2002]_15830.0/swp31043/swp31043mxlo_vo.fits,downloaded/LMC/IUE/[M2002]_15830.0/lwp10832/lwp10832.mxlo.gz|downloaded/LMC/IUE/[M2002]_15830.0/lwp10832/lwp10832mxlo_vo.fits
Sk -70 9|[M2002] 15958,4h53m08.55s,-70d41m31.7s,,B0 Iab,0.18,12.71,,nan,nan,nan,,Model,Model
BI 14|[M2002] 16424,4h53m16.32s,-68d16m45.4s,,B1 I:,0.09,13.63,,nan,nan,nan,,Model,Model
Sk -69 24|[M2002] 18971,4h53m59.57s,-69d22m43.1s,,B9 Ia,0.05,12.25,,nan,nan,nan,,Model,Model
Sk -70 13|[M2002] 19062,4h54m01.22s,-69d59m47.6s,Sk-70D13|SK-70 13|SK-70 13,O9 V,0.13,11.16,16708|  480|  959,1.17E-12,1.05E-12,1.07E-12,FUSE/1045|SWP/SWP/1565,downloaded/LMC/IUE/[M2002]_19062.0/swp08344/swp08344.mxlo.gz|downloaded/LMC/IUE/[M2002]_19062.0/swp08344/swp08344mxlo_vo.fits,Model
Sk -70 12|[M2002] 19064,4h54m01.25s,-70d08m47.1s,,B8 I,0.06,12.47,,nan,nan,nan,,Model,Model
Sk -70 11|[M2002] 19124,4h54m02.31s,-70d05m05.3s,,B3: I,0.15,13,,nan,nan,nan,,Model,Model
Sk -69 29|[M2002] 19850,4h54m14.34s,-69d15m13.9s,,O9 I,0.13,11.8,,nan,nan,nan,,Model,Model
FDG 65|[M2002] 20153,4h54m18.86s,-67d05m47.4s,,B8: I,0.03,12.43,,nan,nan,nan,,Model,Model
Sk -70 15|[M2002] 21499,4h54m38.92s,-70d47m47.8s,,B4 I,0.09,12.42,,nan,nan,nan,,Model,Model
Sk -69 31|[M2002] 21661,4h54m41.55s,-69d26m12.2s,SK-69 31|SK-69 31,B5 I,0.21,12.22,6598|29995,nan,1.19E-14,3.95E-14,LWP/LWP/2599|SWP/SWP/1565,downloaded/LMC/IUE/[M2002]_21661.0/swp54923/swp54923.mxlo.gz|downloaded/LMC/IUE/[M2002]_21661.0/swp54923/swp54923mxlo_vo.fits,downloaded/LMC/IUE/[M2002]_21661.0/lwp30857/lwp30857.mxlo.gz|downloaded/LMC/IUE/[M2002]_21661.0/lwp30857/lwp30857mxlo_vo.fits
BI 23|[M2002] 22611,4h54m55.87s,-68d21m44.6s,,B0 II,0.14,13.03,,nan,nan,nan,,Model,Model
Sk -70 16|[M2002] 22715,4h54m57.46s,-70d02m28.4s,,B4 I,0.07,12.19,,nan,nan,nan,,Model,Model
Sk -67 16|[M2002] 23564,4h55m09.73s,-67d31m39.0s,,B2 III,0.11,12.4,,nan,nan,nan,,Model,Model
Sk -69 36|[M2002] 24913,4h55m28.98s,-69d11m28.8s,,B0.5 III,0.15,11.67,,nan,nan,nan,,Model,Model
Sk -67 20|[M2002] 25077,4h55m31.35s,-67d30m03.4s,HD 32109,WN4b,nan,12.89,598,nan,4.61E-13,1.67E-13,SWP/SWP/1565,downloaded/LMC/IUE/[M2002]_25077.0/swp38449/swp38449.mxlo.gz|downloaded/LMC/IUE/[M2002]_25077.0/swp38449/swp38449mxlo_vo.fits,Model
BI 28|[M2002] 25325,4h55m34.85s,-69d48m35.7s,,B1 V,0.14,13.39,,nan,nan,nan,,Model,Model
BI 29|[M2002] 25402,4h55m35.7s,-69d01m21.7s,,O8 V,0.04,13.53,,nan,nan,nan,,Model,Model
Sk -69 39|[M2002] 25728,4h55m40.72s,-69d52m21.1s,2MASS04554067-6952203,B8 I,0.09,12.45,35400,nan,nan,nan,,Model,Model
Sk -69 42|[M2002] 27276,4h56m02.96s,-69d27m21.9s,FD 5|FD 5,WC4,nan,13.64,7199| 4199,nan,1.66E-13,1.36E-13,SWP/SWP/1565,downloaded/LMC/IUE/[M2002]_27276.0/swp07582/swp07582.mxlo.gz|downloaded/LMC/IUE/[M2002]_27276.0/swp07582/swp07582mxlo_vo.fits,Model
Sk -70 17|[M2002] 27967,4h56m12.74s,-70d02m37.2s,,B3 I:,0.12,12.52,,nan,nan,nan,,Model,Model
Sk -69 44|[M2002] 28565,4h56m20.7s,-69d13m59.4s,,B5: I,-0.04,11.99,,nan,nan,nan,,Model,Model
Sk -70 19|[M2002] 28617,4h56m21.39s,-70d25m35.8s,,B4: I,0.03,12.62,,nan,nan,nan,,Model,Model
BI 36|[M2002] 29233,4h56m29.05s,-69d06m01.9s,,B0.5 IV,0.08,13.75,,nan,nan,nan,,Model,Model
Sk -70 20|[M2002] 29345,4h56m30.38s,-70d47m40.6s,,B6 I,0.09,12.37,,nan,nan,nan,,Model,Model
FDG 111|[M2002] 31077,4h56m51.65s,-68d00m19.5s,,B9 I,0.03,13.39,,nan,nan,nan,,Model,Model
Sk -67 21B|[M2002] 31870,4h57m01.45s,-67d46m27.2s,,B8 I,0.04,12.57,,nan,nan,nan,,Model,Model
Sk -70 21|[M2002] 32264,4h57m05.8s,-70d47m40.6s,,B3 I,0.07,12.21,,nan,nan,nan,,Model,Model
Sk -69 50|[M2002] 33053,4h57m15.19s,-69d20m20.4s,SK-69D50|SK-69D50,O7 If,0.11,12.16,19577| 2839,7.16E-13,1.75E-13,4.62E-13,FUSE/1045|STIS/FUV-MAMA/E140M/1425,Model,Model
Sk -68 15|[M2002] 33780,4h57m24.1s,-68d23m57.5s,SK-68D15|NGC 1770-L16|HD 32402|NGC 1770-L16,WC4,nan,12.19,47047| 8398|47999| 5398,1.63E-13,6.00E-14,9.65E-14,FUSE/1045|LWP/LWP/2599|SWP/0/0|SWP/SWP/1565,downloaded/LMC/IUE/[M2002]_33780.0/swp46396/swp46396.mxlo.gz|downloaded/LMC/IUE/[M2002]_33780.0/swp46396/swp46396mxlo_vo.fits,downloaded/LMC/IUE/[M2002]_33780.0/lwp24398/lwp24398.mxlo.gz|downloaded/LMC/IUE/[M2002]_33780.0/lwp24398/lwp24398mxlo_vo.fits
Sk -67 22|[M2002] 34056,4h57m27.47s,-67d39m03.3s,Sk-6722|SK-67 22|SK-6722|SK-6722|SK-6722|SK-67 22,O3 If*/WN6,0.1,12.21,16974|15597|  862| 1645|  639|11457,8.49E-13,4.68E-13,4.83E-13,FUSE/1045|LWP/LWP/2599|STIS/CCD/G430M/3164|STIS/CCD/G750M/6580|STIS/FUV-MAMA/G140L/1418|SWP/SWP/1565,downloaded/LMC/IUE/[M2002]_34056.0/swp10730/swp10730.mxlo.gz|downloaded/LMC/IUE/[M2002]_34056.0/swp10730/swp10730mxlo_vo.fits,downloaded/LMC/IUE/[M2002]_34056.0/lwp25901/lwp25901.mxlo.gz|downloaded/LMC/IUE/[M2002]_34056.0/lwp25901/lwp25901mxlo_vo.fits
Sk -68 16|[M2002] 34847,4h57m37.82s,-68d24m36.1s,Sk-68D16|NGC 1770-L43,O7 III,0.08,11.68,37799| 1199,5.58E-13,nan,nan,FUSE/1045|LWP/LWP/2599,Model,downloaded/LMC/IUE/[M2002]_34847.0/lwp23667/lwp23667.mxlo.gz|downloaded/LMC/IUE/[M2002]_34847.0/lwp23667/lwp23667mxlo_vo.fits
Sk -70 22|[M2002] 36904,4h58m03.5s,-70d36m31.1s,,B1 Iab,0.03,12.85,,nan,nan,nan,,Model,Model
Sk -67 24|[M2002] 37969,4h58m16.46s,-67d43m33.8s,,B3 I,0.04,12.15,,nan,nan,nan,,Model,Model
Sk -70 26|[M2002] 38938,4h58m28.21s,-70d15m31.5s,,B9 I,0.01,12.27,,nan,nan,nan,,Model,Model
FDG 141|[M2002] 39369,4h58m34.01s,-69d47m34.4s,,B8: I,0.05,13.02,,nan,nan,nan,,Model,Model
Sk -68 17|[M2002] 39405,4h58m34.41s,-68d45m52.0s,,B3: I,0.05,12.07,,nan,nan,nan,,Model,Model
Sk -68 18A|[M2002] 39602,4h58m36.69s,-68d50m33.4s,HD 268840|HD 268840,B8 I,0.1,12.13,899| 1400,nan,5.38E-13,7.21E-13,LWP/LWP/2599|SWP/SWP/1565,downloaded/LMC/IUE/[M2002]_39602.0/swp30636/swp30636.mxlo.gz|downloaded/LMC/IUE/[M2002]_39602.0/swp30636/swp30636mxlo_vo.fits,downloaded/LMC/IUE/[M2002]_39602.0/lwp10440/lwp10440.mxlo.gz|downloaded/LMC/IUE/[M2002]_39602.0/lwp10440/lwp10440mxlo_vo.fits
Sk -70 27|[M2002] 39911,4h58m40.71s,-70d31m38.7s,,B8 I,0.03,12.65,,nan,nan,nan,,Model,Model
Sk -70 28|[M2002] 40610,4h58m49.72s,-70d44m58.1s,,B3: I,0.06,12.58,,nan,nan,nan,,Model,Model
Sk -67 29|[M2002] 40714,4h58m50.93s,-67d26m40.9s,,B0 III,0.16,12.48,,nan,nan,nan,,Model,Model
Sk -68 20|[M2002] 41461,4h59m00.97s,-68d49m17.0s,,B3 I,-0.01,11.93,,nan,nan,nan,,Model,Model
BI 53|[M2002] 42588,4h59m15.91s,-69d42m55.9s,,B0 III,0.15,13.05,,nan,nan,nan,,Model,Model
Sk -68 21|[M2002] 43237,4h59m25.89s,-68d35m04.2s,,B3 I,0.02,11.61,,nan,nan,nan,,Model,Model
Sk -67 32|[M2002] 45002,4h59m51.53s,-67d56m56.0s,SK-67D32|HD 268847|HD 268847,WN4b,nan,13.52,72875|10199|15742,2.89E-13,3.70E-13,1.51E-13,FUSE/1045|SWP/SWP/1565,downloaded/LMC/IUE/[M2002]_45002.0/swp09167/swp09167.mxlo.gz|downloaded/LMC/IUE/[M2002]_45002.0/swp09167/swp09167mxlo_vo.fits,Model
Sk -70 31|[M2002] 45821,5h00m03.52s,-70d43m15.9s,,B8 I,0.01,12.06,,nan,nan,nan,,Model,Model
Sk -70 31A|[M2002] 46164,5h00m08.69s,-70d04m00.5s,,B5: I,0.13,12.83,,nan,nan,nan,,Model,Model
Sk -70 32|[M2002] 46268,5h00m10.37s,-70d11m09.7s,SK-70D32,O9.5 II:,0.05,11.84,17984,8.17E-13,nan,nan,FUSE/1045,Model,Model
ARDB C 11|[M2002] 47117,5h00m23.55s,-68d01m56.0s,,B5 I,0.02,12.95,,nan,nan,nan,,Model,Model
Sk -70 33|[M2002] 47638,5h00m31.28s,-70d24m56.6s,,O9.5 III,0.13,12.65,,nan,nan,nan,,Model,Model
Sk -70 34|[M2002] 47753,5h00m32.94s,-70d29m49.4s,,B8 I,0.03,12.09,,nan,nan,nan,,Model,Model
Sk -70 35|[M2002] 48478,5h00m43.51s,-70d19m22.2s,,B3: I,0.03,12.49,,nan,nan,nan,,Model,Model
Sk -68 24|[M2002] 48787,5h00m47.92s,-68d37m46.6s,,B8 I,0.1,12.4,,nan,nan,nan,,Model,Model
Sk -68 23A|[M2002] 48819,5h00m48.28s,-68d05m58.8s,91550,B1 III,0.18,12.03,2770,nan,nan,nan,,Model,Model
Sk -71 1|[M2002] 50511,5h01m13.05s,-70d58m50.7s,,B8 I,0.06,13.21,,nan,nan,nan,,Model,Model
Sk -70 38|[M2002] 51158,5h01m22.51s,-70d15m29.2s,,B5 I,0.04,12.27,,nan,nan,nan,,Model,Model
Sk -70 39|[M2002] 51753,5h01m31.05s,-70d14m52.0s,,B3 I,0.09,12.18,,nan,nan,nan,,Model,Model
Sk -68 27|[M2002] 51871,5h01m32.82s,-68d13m15.0s,SK-68 27|SK-68 27,B6 I,0.22,11.99,4078|16796,nan,3.24E-14,8.29E-14,LWP/LWP/2599|SWP/SWP/1565,downloaded/LMC/IUE/[M2002]_51871.0/swp54797/swp54797.mxlo.gz|downloaded/LMC/IUE/[M2002]_51871.0/swp54797/swp54797mxlo_vo.fits,downloaded/LMC/IUE/[M2002]_51871.0/lwp30810/lwp30810.mxlo.gz|downloaded/LMC/IUE/[M2002]_51871.0/lwp30810/lwp30810mxlo_vo.fits
Sk -70 40|[M2002] 51952,5h01m33.83s,-70d07m23.8s,,B8 I,0.04,12.43,,nan,nan,nan,,Model,Model
Sk -70 43|[M2002] 53739,5h02m00.28s,-70d01m23.2s,,B3 I,0.07,11.41,,nan,nan,nan,,Model,Model
Sk -67 37|[M2002] 53808,5h02m01.23s,-67d32m03.6s,SK-67 37|NS 37-67,O9 II,0.04,12.33,1740| 2160,nan,4.25E-13,4.70E-13,LWP/LWP/2599|SWP/SWP/1565,downloaded/LMC/IUE/[M2002]_53808.0/swp30322/swp30322.mxlo.gz|downloaded/LMC/IUE/[M2002]_53808.0/swp30322/swp30322mxlo_vo.fits,downloaded/LMC/IUE/[M2002]_53808.0/lwp10137/lwp10137.mxlo.gz|downloaded/LMC/IUE/[M2002]_53808.0/lwp10137/lwp10137mxlo_vo.fits
Sk -70 45|[M2002] 54903,5h02m17.85s,-70d26m57.0s,,B8 I,0.01,11.96,,nan,nan,nan,,Model,Model
Sk -70 47|[M2002] 59337,5h03m23.35s,-70d20m51.7s,,B0 II,0.14,11.87,,nan,nan,nan,,Model,Model
Sk -67 38|[M2002] 59721,5h03m29.76s,-67d52m25.5s,SK-67D38,O8 III,0.05,12.38,25092,5.52E-13,nan,nan,FUSE/1045,Model,Model
Sk -68 32|[M2002] 61150,5h03m51.19s,-68d27m11.4s,,O9 III,0.06,12.48,,nan,nan,nan,,Model,Model
Sk -70 53|[M2002] 61523,5h03m56.24s,-70d31m23.1s,,B8 I,0,12,,nan,nan,nan,,Model,Model
Sk -70 55|[M2002] 62266,5h04m08.48s,-70d15m45.9s,,B0.5 I,0.09,11.56,,nan,nan,nan,,Model,Model
Sk -70 54|[M2002] 62470,5h04m12.5s,-70d03m55.5s,BR14,WN4o,nan,13.42,6839,nan,2.69E-13,1.59E-13,SWP/SWP/1565,downloaded/LMC/IUE/[M2002]_62470.0/swp33458/swp33458.mxlo.gz|downloaded/LMC/IUE/[M2002]_62470.0/swp33458/swp33458mxlo_vo.fits,Model
Sk -70 57|[M2002] 62592,5h04m14.81s,-70d37m06.4s,,O7.5 III,0.09,12.14,,nan,nan,nan,,Model,Model
Sk -70 60|[M2002] 64006,5h04m40.88s,-70d15m34.7s,SK-70D60,O4 V,0.12,12.63,7912,5.78E-13,nan,nan,FUSE/1045,Model,Model
Sk -70 64|[M2002] 65479,5h05m08.49s,-70d22m45.5s,,WN4(h),nan,13.59,,nan,nan,nan,,Model,Model
Sk -70 65|[M2002] 65609,5h05m11.18s,-70d26m14.7s,,B0 III,0.18,12.51,,nan,nan,nan,,Model,Model
Sk -70 69|[M2002] 65981,5h05m18.69s,-70d25m50.3s,SK-70D69|SK-70D69|SK-70D69|NS 69-70|NS 69-70,O4 V,0.05,12.63,177479|70558| 6117| 1859| 2340,nan,nan,nan,FUSE/1045|LWP/LWP/2599|SWP/SWP/1565,downloaded/LMC/IUE/[M2002]_65981.0/swp30109/swp30109.mxlo.gz|downloaded/LMC/IUE/[M2002]_65981.0/swp30109/swp30109mxlo_vo.fits,downloaded/LMC/IUE/[M2002]_65981.0/lwp09940/lwp09940.mxlo.gz|downloaded/LMC/IUE/[M2002]_65981.0/lwp09940/lwp09940mxlo_vo.fits
Sk -70 70|[M2002] 66299,5h05m24.72s,-70d27m40.9s,,O6 IIIf,0.14,12.49,,nan,nan,nan,,Model,Model
Sk -70 77|[M2002] 68093,5h05m58.81s,-70d16m09.5s,,B8 I,0.03,12.53,,nan,nan,nan,,Model,Model
Sk -68 48|[M2002] 69520,5h06m27.52s,-68d30m40.6s,S80/LMC|S80/LMC,B8 Ie,0.27,11.9,1797|14401,nan,2.63E-14,7.31E-14,LWP/LWP/2599|SWP/SWP/1565,downloaded/LMC/IUE/[M2002]_69520.0/swp36703/swp36703.mxlo.gz|downloaded/LMC/IUE/[M2002]_69520.0/swp36703/swp36703mxlo_vo.fits,downloaded/LMC/IUE/[M2002]_69520.0/lwp15957/lwp15957.mxlo.gz|downloaded/LMC/IUE/[M2002]_69520.0/lwp15957/lwp15957mxlo_vo.fits
Sk -70 79|[M2002] 69992,5h06m37.24s,-70d29m24.4s,Sk-7079|SK 79-70|SK-7079|SK-7079|SK 79-70,B0 III,0.24,11.7,39241| 2279| 7595| 5040| 2400,5.35E-13,6.89E-14,4.03E-13,FUSE/1045|LWP/LWP/2599|STIS/FUV-MAMA/E140M/1425|STIS/NUV-MAMA/E230M/1987|SWP/SWP/1565,downloaded/LMC/IUE/[M2002]_69992.0/swp25896/swp25896.mxlo.gz|downloaded/LMC/IUE/[M2002]_69992.0/swp25896/swp25896mxlo_vo.fits,downloaded/LMC/IUE/[M2002]_69992.0/lwp05942/lwp05942.mxlo.gz|downloaded/LMC/IUE/[M2002]_69992.0/lwp05942/lwp05942mxlo_vo.fits
BI 78|[M2002] 70381,5h06m45.68s,-70d24m20.3s,,B1 Ib,0.06,12.67,,nan,nan,nan,,Model,Model
Sk -69 63|[M2002] 70643,5h06m50.48s,-69d55m09.4s,,B6 I,0.04,12.52,,nan,nan,nan,,Model,Model
Sk -70 81|[M2002] 77462,5h08m55.59s,-70d03m58.6s,,B8 I,0.02,12.41,,nan,nan,nan,,Model,Model
Sk -69 66|[M2002] 77560,5h08m56.71s,-69d57m25.7s,,B8 I,0.01,12.72,,nan,nan,nan,,Model,Model
Sk -68 57|[M2002] 80420,5h09m40.56s,-68d53m25.1s,SK-68D57|05094044-6853248|05094044-6853248|05094044-6853248|05094044-6853248|BR 16|HD 34187|HD 34187,WN4b+0B?,nan,12.77,31096| 5707| 9960| 7986| 6107| 2100| 1201| 2459,4.33E-13,1.96E-13,2.30E-13,FUSE/1045|LWP/LWP/2599|SWP/SWP/1565,downloaded/LMC/IUE/[M2002]_80420.0/swp38232/swp38232.mxlo.gz|downloaded/LMC/IUE/[M2002]_80420.0/swp38232/swp38232mxlo_vo.fits,downloaded/LMC/IUE/[M2002]_80420.0/lwp27142/lwp27142.mxlo.gz|downloaded/LMC/IUE/[M2002]_80420.0/lwp27142/lwp27142mxlo_vo.fits
BI 90|[M2002] 81518,5h09m57.6s,-69d14m36.7s,,O9.5 IV,0.11,13.04,,nan,nan,nan,,Model,Model
Sk -70 82|[M2002] 82260,5h10m09.19s,-70d05m40.4s,,B3: I,0.04,12.37,,nan,nan,nan,,Model,Model
BI 94|[M2002] 83345,5h10m24.48s,-69d06m51.5s,,O7 V((f)),0.2,12.38,,nan,nan,nan,,Model,Model
Sk -69 70|[M2002] 84997,5h10m48.47s,-69d20m31.5s,,B7 I,0.06,12.2,,nan,nan,nan,,Model,Model
Sk -69 71|[M2002] 89310,5h12m01.48s,-69d15m17.7s,,B5 I,0.02,12.2,,nan,nan,nan,,Model,Model
Sk -69 72|[M2002] 90902,5h12m33.98s,-69d17m10.9s,SK-69 72|SK-69 72,B5 I,0.32,11.59,2879|22796,nan,1.75E-13,2.77E-13,LWP/LWP/2599|SWP/SWP/1565,downloaded/LMC/IUE/[M2002]_90902.0/swp36540/swp36540.mxlo.gz|downloaded/LMC/IUE/[M2002]_90902.0/swp36540/swp36540mxlo_vo.fits,downloaded/LMC/IUE/[M2002]_90902.0/lwp15672/lwp15672.mxlo.gz|downloaded/LMC/IUE/[M2002]_90902.0/lwp15672/lwp15672mxlo_vo.fits
BI 105|[M2002] 91996,5h12m57.1s,-69d22m55.8s,,B0.5 V,0.12,12.81,,nan,nan,nan,,Model,Model
BI 101|[M2002] 92141,5h13m00.26s,-69d23m36.8s,,O9 II,0.12,12.2,,nan,nan,nan,,Model,Model
BI 103|[M2002] 92547,5h13m08.52s,-69d18m04.2s,,B2 Ia,0.18,13.26,,nan,nan,nan,,Model,Model
Sk -69 81|[M2002] 95796,5h14m12.82s,-69d19m26.0s,BR19|HD 34783,WN4b,nan,13.56,2761|19198,nan,1.98E-13,1.14E-13,LWP/LWP/2599|SWP/SWP/1565,downloaded/LMC/IUE/[M2002]_95796.0/swp07003/swp07003.mxlo.gz|downloaded/LMC/IUE/[M2002]_95796.0/swp07003/swp07003mxlo_vo.fits,downloaded/LMC/IUE/[M2002]_95796.0/lwp13165/lwp13165.mxlo.gz|downloaded/LMC/IUE/[M2002]_95796.0/lwp13165/lwp13165mxlo_vo.fits
BI 111|[M2002] 96012,5h14m17.12s,-69d18m16.4s,,O9 II,0.19,12.1,,nan,nan,nan,,Model,Model
Sk -69 86|[M2002] 104322,5h16m38.94s,-69d16m40.9s,BR 20|WS 14,WN4b,nan,13.63,21593| 6598,nan,2.14E-13,1.14E-13,LWP/LWP/2599|SWP/SWP/1565,downloaded/LMC/IUE/[M2002]_104322.0/swp07001/swp07001.mxlo.gz|downloaded/LMC/IUE/[M2002]_104322.0/swp07001/swp07001mxlo_vo.fits,downloaded/LMC/IUE/[M2002]_104322.0/lwp25907/lwp25907.mxlo.gz|downloaded/LMC/IUE/[M2002]_104322.0/lwp25907/lwp25907mxlo_vo.fits
BI 121|[M2002] 105113,5h16m51.9s,-69d11m29.5s,,B1 III:,0.09,13.06,,nan,nan,nan,,Model,Model
BI 127|[M2002] 108922,5h17m53.99s,-69d08m24.2s,,O6.5 V,0.08,12.88,,nan,nan,nan,,Model,Model
BI 130|[M2002] 109725,5h18m06.06s,-69d14m34.5s,BI130,O8.5V((f)),0.11,11.34,27416,1.72E-12,nan,nan,FUSE/1045,Model,Model
BI 131|[M2002] 110164,5h18m13.01s,-69d15m50.5s,HD 35343|BI 131,O9 III,0.06,12.29,30839| 5039,0,4.66E-14,5.58E-14,LWP/0/0|SWP/SWP/1565,downloaded/LMC/IUE/[M2002]_110164.0/swp04868/swp04868.mxlo.gz|downloaded/LMC/IUE/[M2002]_110164.0/swp04868/swp04868mxlo_vo.fits,Model
BI 133|[M2002] 110852,5h18m23.73s,-69d11m01.3s,BI 133,O9 III,0.12,11.81,1500,nan,3.09E-13,4.60E-13,SWP/SWP/1565,downloaded/LMC/IUE/[M2002]_110852.0/swp04843/swp04843.mxlo.gz|downloaded/LMC/IUE/[M2002]_110852.0/swp04843/swp04843mxlo_vo.fits,Model
BI 135|[M2002] 111451,5h18m33.8s,-69d15m18.6s,,O9.5 III,0.09,11.38,,nan,nan,nan,,Model,Model
FDG 256|[M2002] 111708,5h18m37.97s,-69d02m24.6s,,B6 I,0.1,12.34,,nan,nan,nan,,Model,Model
BI 137|[M2002] 112593,5h18m51.88s,-69d12m06.2s,,O8 V,0.09,11.76,,nan,nan,nan,,Model,Model
FDG 261|[M2002] 113490,5h19m05.03s,-69d41m05.7s,,B7 I,0.05,11.88,,nan,nan,nan,,Model,Model
Sk -68 69|[M2002] 114935,5h19m25.87s,-68d51m33.6s,,B8 I,0.08,11.67,,nan,nan,nan,,Model,Model
BI 144|[M2002] 116614,5h19m49.27s,-69d21m01.2s,,B0.5 I,0.09,12.21,,nan,nan,nan,,Model,Model
Sk -69 108|[M2002] 116798,5h19m51.99s,-69d53m08.7s,S-69 108|S-69 108,B3 I,0.37,11.75,8097| 4800,nan,1.38E-14,5.01E-14,SWP/SWP/1565,downloaded/LMC/IUE/[M2002]_116798.0/swp01853/swp01853.mxlo.gz|downloaded/LMC/IUE/[M2002]_116798.0/swp01853/swp01853mxlo_vo.fits,Model
BI 154|[M2002] 131860,5h23m41.09s,-69d22m06.9s,,B0 I:,0.1,12.62,,nan,nan,nan,,Model,Model
Sk -68 77|[M2002] 132665,5h24m24.26s,-68d31m35.8s,HD 269485|HD 269485,WN4b/WNE,nan,13.59,11398| 2402,nan,1.84E-13,9.95E-14,SWP/SWP/1565,downloaded/LMC/IUE/[M2002]_132665.0/swp09160/swp09160.mxlo.gz|downloaded/LMC/IUE/[M2002]_132665.0/swp09160/swp09160mxlo_vo.fits,Model
BI 164|[M2002] 133419,5h25m02.0s,-68d31m58.3s,,O8 V,0.05,12.64,,nan,nan,nan,,Model,Model
Sk -69 123|[M2002] 133680,5h25m14.62s,-69d04m49.6s,,B1 I,0.07,11.48,,nan,nan,nan,,Model,Model
Sk -69 124|[M2002] 133770,5h25m18.35s,-69d03m11.3s,SK-69D124,O9 Ib,0.1,11.58,14677,9.31E-13,nan,nan,FUSE/1045,Model,Model
Sk -67 101|[M2002] 134666,5h25m56.43s,-67d30m28.6s,NS101-67|NS101-67|SK-67D101|SK-67101|SK-67.101|SK-67101,O9 III,0.03,11.41,184| 1966|43464|  900| 5443|  719,nan,nan,nan,FUSE/1045|STIS/FUV-MAMA/E140M/1435|SWP/SWP/1565,downloaded/LMC/IUE/[M2002]_134666.0/swp13369/swp13369.mxlo.gz|downloaded/LMC/IUE/[M2002]_134666.0/swp13369/swp13369mxlo_vo.fits,Model
Sk -67 102|[M2002] 134811,5h26m01.01s,-67d03m10.1s,,B2 III,0.03,12.36,,nan,nan,nan,,Model,Model
Sk -67 108|[M2002] 135697,5h26m26.65s,-67d37m20.3s,SK-67D108|SK108-67|S-67 108|S-67 108,O4-5 III,0.08,11.33,13414|  539| 1199| 3238,1.05E-12,7.13E-13,7.19E-13,FUSE/1045|LWP/LWP/2599|SWP/SWP/1565,downloaded/LMC/IUE/[M2002]_135697.0/swp01620/swp01620.mxlo.gz|downloaded/LMC/IUE/[M2002]_135697.0/swp01620/swp01620mxlo_vo.fits,downloaded/LMC/IUE/[M2002]_135697.0/lwp05980/lwp05980.mxlo.gz|downloaded/LMC/IUE/[M2002]_135697.0/lwp05980/lwp05980mxlo_vo.fits
Sk -69 133|[M2002] 136372,5h26m42.68s,-69d06m57.0s,RP877|RP877|RP877|RP877|HDE 269549|HD 269549,WN4b,nan,13.78,5403| 8103| 7968| 7487| 7558| 2398,nan,1.60E-13,1.38E-13,LWP/LWP/2599|SWP/SWP/1565,downloaded/LMC/IUE/[M2002]_136372.0/swp38451/swp38451.mxlo.gz|downloaded/LMC/IUE/[M2002]_136372.0/swp38451/swp38451mxlo_vo.fits,downloaded/LMC/IUE/[M2002]_136372.0/lwp20197/lwp20197.mxlo.gz|downloaded/LMC/IUE/[M2002]_136372.0/lwp20197/lwp20197mxlo_vo.fits
BI 170|[M2002] 136612,5h26m47.79s,-69d06m11.9s,BI170|NGC1967|NGC1967,O9.5 II,0.06,11.82,4272|  899| 1199,1.08E-12,8.09E-13,8.27E-13,FUSE/1045|LWP/LWP/2599|SWP/SWP/1565,downloaded/LMC/IUE/[M2002]_136612.0/swp23267/swp23267.mxlo.gz|downloaded/LMC/IUE/[M2002]_136612.0/swp23267/swp23267mxlo_vo.fits,downloaded/LMC/IUE/[M2002]_136612.0/lwp03586/lwp03586.mxlo.gz|downloaded/LMC/IUE/[M2002]_136612.0/lwp03586/lwp03586mxlo_vo.fits
Sk -67 114|[M2002] 137363,5h27m04.42s,-67d26m06.8s,S-67 114|S-67 114,B6: I,0.5,12.08,3299| 7859,nan,6.64E-14,1.34E-13,SWP/SWP/1565,downloaded/LMC/IUE/[M2002]_137363.0/swp01845/swp01845.mxlo.gz|downloaded/LMC/IUE/[M2002]_137363.0/swp01845/swp01845mxlo_vo.fits,Model
BI 173|[M2002] 137610,5h27m10.05s,-69d07m56.3s,BI-173|BI-173|BI173|BI173|BI173|BI173|BI173,O8 III,0.11,11.78,16896| 6173|14433| 4770|  100| 4300|   99,8.39E-13,5.00E-14,6.02E-13,COS/NUV/G185M/1922|COS/NUV/G185M/1955|FUSE/1045|STIS/FUV-MAMA/E140M/1425|STIS/FUV-MAMA/G140L/1417|STIS/NUV-MAMA/E230M/1987|STIS/NUV-MAMA/G230L/2357,Model,Model
Sk -67 115|[M2002] 137630,5h27m10.47s,-67d10m54.0s,,B4: I,0.04,12.67,,nan,nan,nan,,Model,Model
BI 172|[M2002] 137955,5h27m17.36s,-67d28m53.3s,,B0.5 III,0.1,12.12,,nan,nan,nan,,Model,Model
Sk -68 84A|[M2002] 138407,5h27m26.94s,-68d54m04.3s,,B1 Ib,0.1,11.66,,nan,nan,nan,,Model,Model
Sk -67 117B|[M2002] 138492,5h27m28.51s,-67d27m24.0s,SK-67 117A|-67 117A,B0 Ib,0.07,11.48,1939| 2499,nan,5.71E-13,6.38E-13,LWP/LWP/2599|SWP/SWP/1565,downloaded/LMC/IUE/[M2002]_138492.0/swp30634/swp30634.mxlo.gz|downloaded/LMC/IUE/[M2002]_138492.0/swp30634/swp30634mxlo_vo.fits,downloaded/LMC/IUE/[M2002]_138492.0/lwp10438/lwp10438.mxlo.gz|downloaded/LMC/IUE/[M2002]_138492.0/lwp10438/lwp10438mxlo_vo.fits
Sk -67 118|[M2002] 138717,5h27m33.41s,-67d17m30.2s,SK-67D118,O7 V,0.08,11.76,9542,1.32E-12,nan,nan,FUSE/1045,Model,Model
Sk -69 140|[M2002] 139017,5h27m39.53s,-69d12m41.7s,,B4 I,0.03,11.66,,nan,nan,nan,,Model,Model
Sk -67 119|[M2002] 139081,5h27m40.72s,-67d18m10.6s,SK-67D119,O7 III(f),0.07,12.07,11955,7.50E-13,nan,nan,FUSE/1045,Model,Model
Sk -69 141|[M2002] 139177,5h27m42.78s,-69d10m00.4s,RP844|RP844|RP844|WS 27|FD 32|WS 27,WN8h,nan,12.24,3999| 3983| 4104| 6242| 3000| 6836,nan,1.64E-13,2.36E-13,LWP/LWP/2599|SWP/SWP/1565,downloaded/LMC/IUE/[M2002]_139177.0/swp06968/swp06968.mxlo.gz|downloaded/LMC/IUE/[M2002]_139177.0/swp06968/swp06968mxlo_vo.fits,downloaded/LMC/IUE/[M2002]_139177.0/lwp20462/lwp20462.mxlo.gz|downloaded/LMC/IUE/[M2002]_139177.0/lwp20462/lwp20462mxlo_vo.fits
Sk -67 123|[M2002] 139812,5h27m56.04s,-67d15m25.0s,,B2 III,0.11,12.31,,nan,nan,nan,,Model,Model
Sk -69 146|[M2002] 140917,5h28m18.79s,-69d15m19.8s,,B3: I,-0.04,11.51,,nan,nan,nan,,Model,Model
Sk -69 153|[M2002] 142155,5h28m44.48s,-69d13m43.5s,,B8: I,0.05,12.15,,nan,nan,nan,,Model,Model
Sk -67 128|[M2002] 142277,5h28m47.11s,-67d09m32.5s,,B3: I,0,11.8,,nan,nan,nan,,Model,Model
Sk -68 95|[M2002] 142555,5h28m53.41s,-68d48m44.1s,,B1 III,0.19,11.67,,nan,nan,nan,,Model,Model
Sk -67 131|[M2002] 143017,5h29m03.25s,-67d20m25.7s,,B0.5: Ia,0.06,11.28,,nan,nan,nan,,Model,Model
Sk -68 98|[M2002] 143463,5h29m12.47s,-68d45m36.0s,W52|W52,WN3,nan,nan,1801| 5039,nan,1.06E-12,1.38E-12,LWP/LWP/2599|SWP/SWP/1565,downloaded/LMC/IUE/[M2002]_143463.0/swp39525/swp39525.mxlo.gz|downloaded/LMC/IUE/[M2002]_143463.0/swp39525/swp39525mxlo_vo.fits,downloaded/LMC/IUE/[M2002]_143463.0/lwp18655/lwp18655.mxlo.gz|downloaded/LMC/IUE/[M2002]_143463.0/lwp18655/lwp18655mxlo_vo.fits
BI 178|[M2002] 143637,5h29m16.14s,-67d12m27.5s,,B1 III,0.18,13.04,,nan,nan,nan,,Model,Model
BI 179|[M2002] 143801,5h29m19.65s,-67d12m21.9s,,O8 III,0.07,12.44,,nan,nan,nan,,Model,Model
Sk -68 99|[M2002] 144222,5h29m27.73s,-68d46m00.4s,,B3: I,-0.01,11.55,,nan,nan,nan,,Model,Model
Sk -69 157|[M2002] 144289,5h29m28.68s,-69d23m31.8s,,B6: I,-0.03,11.45,,nan,nan,nan,,Model,Model
Sk -68 102|[M2002] 144436,5h29m31.75s,-68d54m28.7s,BREY 40|HD 269624,WN4b,nan,13.88,6000| 7800,nan,8.76E-14,5.09E-14,LWP/LWP/2599|SWP/SWP/1565,downloaded/LMC/IUE/[M2002]_144436.0/swp38450/swp38450.mxlo.gz|downloaded/LMC/IUE/[M2002]_144436.0/swp38450/swp38450mxlo_vo.fits,downloaded/LMC/IUE/[M2002]_144436.0/lwp03707/lwp03707.mxlo.gz|downloaded/LMC/IUE/[M2002]_144436.0/lwp03707/lwp03707mxlo_vo.fits
Sk -68 103|[M2002] 144567,5h29m34.18s,-68d54m14.5s,BREY 40|BREY 40,B3: I,0.1,11.97,3000| 3300,nan,1.40E-13,5.99E-14,LWP/LWP/2599|SWP/SWP/1565,downloaded/LMC/IUE/[M2002]_144567.0/swp23398/swp23398.mxlo.gz|downloaded/LMC/IUE/[M2002]_144567.0/swp23398/swp23398mxlo_vo.fits,downloaded/LMC/IUE/[M2002]_144567.0/lwp03707/lwp03707.mxlo.gz|downloaded/LMC/IUE/[M2002]_144567.0/lwp03707/lwp03707mxlo_vo.fits
Sk -67 135|[M2002] 144751,5h29m37.41s,-67d03m41.8s,,B3: I,0,11.89,,nan,nan,nan,,Model,Model
Sk -68 104|[M2002] 146131,5h30m02.54s,-68d45m18.2s,RP905|RP905|RP905|RP905|WS 30,WN3b,nan,14.09,5403| 4104| 3881| 3506| 6000,nan,3.29E-14,2.22E-15,SWP/SWP/1565,downloaded/LMC/IUE/[M2002]_146131.0/swp04872/swp04872.mxlo.gz|downloaded/LMC/IUE/[M2002]_146131.0/swp04872/swp04872mxlo_vo.fits,Model
Sk -68 105|[M2002] 146506,5h30m08.99s,-68d48m36.6s,,B0 Ia,0.1,11.9,,nan,nan,nan,,Model,Model
Sk -69 163|[M2002] 146594,5h30m10.36s,-69d14m37.1s,,B3: I,0.08,11.79,,nan,nan,nan,,Model,Model
Sk -67 144|[M2002] 146696,5h30m12.26s,-67d26m08.6s,HD37026|FD 37|FD 37,WC4,nan,12.85,22134|10562| 6960,5.87E-13,4.15E-13,2.11E-13,FUSE/1045|SWP/SWP/1565,downloaded/LMC/IUE/[M2002]_146696.0/swp04366/swp04366.mxlo.gz|downloaded/LMC/IUE/[M2002]_146696.0/swp04366/swp04366mxlo_vo.fits,Model
Sk -69 164|[M2002] 146856,5h30m14.92s,-69d21m01.6s,,B8 I,0.08,12.28,,nan,nan,nan,,Model,Model
Sk -67 147|[M2002] 147579,5h30m28.19s,-67d12m08.7s,,B3 I,0.05,12.08,,nan,nan,nan,,Model,Model
Sk -68 107|[M2002] 148172,5h30m37.96s,-68d24m39.0s,SK107-68|HD 269655,B0 Ia,0.22,11.28,7258| 6539,nan,1.16E-13,3.01E-13,SWP/SWP/1565,downloaded/LMC/IUE/[M2002]_148172.0/swp04850/swp04850.mxlo.gz|downloaded/LMC/IUE/[M2002]_148172.0/swp04850/swp04850mxlo_vo.fits,Model
Sk -67 158|[M2002] 151096,5h31m28.32s,-67d31m06.3s,,B1 III,0.1,12.3,,nan,nan,nan,,Model,Model
Sk -67 161|[M2002] 151339,5h31m32.9s,-67d40m46.6s,SK-67D161,WN4b,nan,13.51,330124,2.61E-13,nan,nan,FUSE/1045,Model,Model
Sk -67 160|[M2002] 151416,5h31m34.46s,-67d16m29.3s,57906|57906|57906|57906|57906|57906|BR 45|BR 45,WN4b,nan,13.87,27620|27753|27748|27729|26138|27741|10800|11996,nan,1.74E-13,1.01E-13,LWP/LWP/2599|SWP/SWP/1565,downloaded/LMC/IUE/[M2002]_151416.0/swp48032/swp48032.mxlo.gz|downloaded/LMC/IUE/[M2002]_151416.0/swp48032/swp48032mxlo_vo.fits,downloaded/LMC/IUE/[M2002]_151416.0/lwp25848/lwp25848.mxlo.gz|downloaded/LMC/IUE/[M2002]_151416.0/lwp25848/lwp25848mxlo_vo.fits
Sk -69 176|[M2002] 151460,5h31m35.25s,-69d30m47.7s,,B3 I,0.13,12.05,,nan,nan,nan,,Model,Model
BI 190|[M2002] 151643,5h31m38.59s,-68d28m08.2s,,O8 V((f)),0.21,13.06,,nan,nan,nan,,Model,Model
Sk -69 177|[M2002] 152239,5h31m49.46s,-69d13m14.7s,SK-69177|SK-69177,B4 I,0.17,11.48,2879|11999,nan,2.75E-14,1.22E-13,LWP/LWP/2599|SWP/SWP/1565,downloaded/LMC/IUE/[M2002]_152239.0/swp36448/swp36448.mxlo.gz|downloaded/LMC/IUE/[M2002]_152239.0/swp36448/swp36448mxlo_vo.fits,downloaded/LMC/IUE/[M2002]_152239.0/lwp15703/lwp15703.mxlo.gz|downloaded/LMC/IUE/[M2002]_152239.0/lwp15703/lwp15703mxlo_vo.fits
Sk -67 167|[M2002] 152366,5h31m51.99s,-67d39m41.6s,SK -67 167|SK -67 167|SK-67D167|SK-67D167|SK-67D167|SK 167-67|SK167-67,O4 Inf+,0.06,11.24,2410| 2410|62593|12571|23625| 1680| 1680,nan,nan,nan,FUSE/1045|LWP/LWP/2599|SWP/SWP/1565,downloaded/LMC/IUE/[M2002]_152366.0/swp25910/swp25910.mxlo.gz|downloaded/LMC/IUE/[M2002]_152366.0/swp25910/swp25910mxlo_vo.fits,downloaded/LMC/IUE/[M2002]_152366.0/lwp05954/lwp05954.mxlo.gz|downloaded/LMC/IUE/[M2002]_152366.0/lwp05954/lwp05954mxlo_vo.fits
Sk -67 170|[M2002] 152433,5h31m53.03s,-67d12m15.3s,41701|41701|41701|41701|41701|41701,B9 I,0.02,12.28,13810|13877|13874|13865|13069|13871,nan,nan,nan,,Model,Model
BI 192|[M2002] 152788,5h32m00.0s,-67d32m55.4s,,O9.5 III,0.04,12.5,,nan,nan,nan,,Model,Model
Sk -67 171|[M2002] 152843,5h32m00.86s,-67d20m23.2s,87259|87259|87259|87259|87259|87259,B7 I,0,11.39,13810|13877|13874|13865|13069|13871,nan,nan,nan,,Model,Model
BI 193|[M2002] 153074,5h32m04.85s,-67d33m33.8s,,B0 II,0.07,12.32,,nan,nan,nan,,Model,Model
Sk -68 115|[M2002] 153219,5h32m07.61s,-68d26m31.4s,BR 47|BR47,WN6h,nan,14.85,21593|21600,nan,4.65E-15,3.46E-15,LWP/LWP/2599|SWP/SWP/1565,downloaded/LMC/IUE/[M2002]_153219.0/swp48039/swp48039.mxlo.gz|downloaded/LMC/IUE/[M2002]_153219.0/swp48039/swp48039mxlo_vo.fits,downloaded/LMC/IUE/[M2002]_153219.0/lwp25849/lwp25849.mxlo.gz|downloaded/LMC/IUE/[M2002]_153219.0/lwp25849/lwp25849mxlo_vo.fits
BI 196|[M2002] 153860,5h32m19.2s,-67d49m50.1s,BI196,O9 V,0.04,13.28,34759,3.47E-13,nan,nan,FUSE/1045,Model,Model
Sk -68 117|[M2002] 154206,5h32m25.9s,-68d55m15.9s,,B1 III,0.15,12.44,,nan,nan,nan,,Model,Model
BI 197|[M2002] 154375,5h32m28.65s,-67d22m32.6s,,B0 II,0.14,12.73,,nan,nan,nan,,Model,Model
Sk -68 119|[M2002] 155050,5h32m41.76s,-68d54m17.4s,,O9 V,0.13,12.47,,nan,nan,nan,,Model,Model
Sk -67 180|[M2002] 155360,5h32m47.32s,-67d10m05.3s,,B3: I,0.05,11.75,,nan,nan,nan,,Model,Model
Sk -68 120|[M2002] 155390,5h32m47.88s,-68d37m26.1s,BLMC25|BLMC25,B4: I,-0.08,12.12,900|  899,nan,nan,nan,,Model,Model
BI 200|[M2002] 155612,5h32m52.01s,-67d33m54.9s,,B0 II,0.13,12.56,,nan,nan,nan,,Model,Model
Sk -67 184|[M2002] 156590,5h33m10.63s,-67d42m42.8s,WAVCAL  NO TFLOOD|SK-67184|WAVCAL  + TFLOOD|SK-67184,WN4o+B,nan,12.09,64| 4576|  477|11052,0,1.45E-13,2.11E-13,SWP/0/0|SWP/SWP/1565,downloaded/LMC/IUE/[M2002]_156590.0/swp07635/swp07635.mxlo.gz|downloaded/LMC/IUE/[M2002]_156590.0/swp07635/swp07635mxlo_vo.fits,Model
Sk -68 122|[M2002] 157075,5h33m20.8s,-68d41m23.2s,,B3 I,0.04,11.67,,nan,nan,nan,,Model,Model
Sk -69 185|[M2002] 158115,5h33m40.47s,-69d06m58.3s,,B5: I,0.26,12.22,,nan,nan,nan,,Model,Model
Sk -67 195|[M2002] 158636,5h33m52.04s,-67d08m02.0s,,B6 I,0.05,12.21,,nan,nan,nan,,Model,Model
BI 208|[M2002] 158880,5h33m57.38s,-67d24m20.3s,BI208|BI208,O7 V,0.05,12.63,15616| 3001,5.93E-13,nan,nan,FUSE/1045,Model,Model
Sk -67 197|[M2002] 158955,5h33m59.15s,-67d32m15.7s,SK-67 197|S-67 197,B7 I,0.05,11.63,1320| 1999,nan,6.88E-14,1.95E-13,LWP/LWP/2599|SWP/SWP/1565,downloaded/LMC/IUE/[M2002]_158955.0/swp30662/swp30662.mxlo.gz|downloaded/LMC/IUE/[M2002]_158955.0/swp30662/swp30662mxlo_vo.fits,downloaded/LMC/IUE/[M2002]_158955.0/lwp10458/lwp10458.mxlo.gz|downloaded/LMC/IUE/[M2002]_158955.0/lwp10458/lwp10458mxlo_vo.fits
BI 220|[M2002] 160933,5h34m43.9s,-68d36m29.1s,,B0.5 III,0.14,12.78,,nan,nan,nan,,Model,Model
Sk -67 205|[M2002] 161320,5h34m52.92s,-67d16m20.6s,SK-67D205,O8 V,0.06,12.47,51695,3.57E-13,nan,nan,FUSE/1045,Model,Model
Sk -67 210|[M2002] 161971,5h35m09.21s,-67d41m58.6s,,B0 III,0.11,12.6,,nan,nan,nan,,Model,Model
BI 230|[M2002] 162572,5h35m23.37s,-68d32m01.5s,,B1 II,0.05,13.38,,nan,nan,nan,,Model,Model
Sk -68 124|[M2002] 162823,5h35m28.82s,-68d38m21.8s,,B0.5 V,0.25,12.73,,nan,nan,nan,,Model,Model
Sk -67 213|[M2002] 162867,5h35m29.85s,-67d06m49.5s,,WN3b(h),nan,14.09,,nan,nan,nan,,Model,Model
Sk -68 126|[M2002] 163232,5h35m38.5s,-68d56m49.0s,,B1 I,0.18,11.78,,nan,nan,nan,,Model,Model
Sk -69 207|[M2002] 163453,5h35m43.65s,-69d10m57.6s,HD 269818|WS 36|HD 269818,WC4,nan,12.9,7199| 3359|11401,nan,1.54E-14,4.52E-14,LWP/LWP/2599|SWP/SWP/1565,downloaded/LMC/IUE/[M2002]_163453.0/swp39144/swp39144.mxlo.gz|downloaded/LMC/IUE/[M2002]_163453.0/swp39144/swp39144mxlo_vo.fits,downloaded/LMC/IUE/[M2002]_163453.0/lwp18179/lwp18179.mxlo.gz|downloaded/LMC/IUE/[M2002]_163453.0/lwp18179/lwp18179mxlo_vo.fits
Sk -69 210|[M2002] 164379,5h36m03.81s,-69d01m29.8s,GSC-09163-00895|GSC-09163-00895,B1.5 I,0.48,12.31,138|  130,nan,nan,nan,STIS/CCD/G430L/4299|STIS/CCD/G750L/7754,Model,Model
Sk -67 218|[M2002] 163913,5h35m54.07s,-67d02m48.8s,FD 52|FD 52,WN3,nan,13.39,3000| 7800,nan,3.21E-13,1.71E-13,SWP/SWP/1565,downloaded/LMC/IUE/[M2002]_163913.0/swp09890/swp09890.mxlo.gz|downloaded/LMC/IUE/[M2002]_163913.0/swp09890/swp09890mxlo_vo.fits,Model
Sk -68 127|[M2002] 164857,5h36m12.98s,-68d28m24.9s,,B0.5 Ia,0.1,12.59,,nan,nan,nan,,Model,Model
BI 237|[M2002] 164942,5h36m14.68s,-67d39m19.3s,BI237|BI237|BI237|BI237|BI237|BI237|BI237|BI237|BI237,O3 V,0.16,12.8,74917| 1121| 1025| 7119|  100| 2200| 2200| 2200| 2201,2.56E-13,6.47E-14,2.16E-13,FUSE/1045|STIS/CCD/G750M/6580|STIS/FUV-MAMA/G140L/1419|STIS/NUV-MAMA/E230M/1987|STIS/NUV-MAMA/G230L/2379,Model,Model
BI 238|[M2002] 164963,5h36m15.09s,-68d53m56.6s,,B1 Ib,0.16,12.47,,nan,nan,nan,,Model,Model
Sk -68 129|[M2002] 165542,5h36m26.84s,-68d57m31.8s,SK-68D129|GSC-09163-01003|GSC-09163-01003|SK-68129,B1 I,0.22,11.97,6695|  104|  164|13200,1.18E-13,nan,nan,FUSE/1045|STIS/CCD/G430L/4299|STIS/CCD/G750L/7754|STIS/NUV-MAMA/E230M/1987,Model,Model
Sk -68 132|[M2002] 166772,5h36m52.71s,-68d22m09.0s,,B0 V,0.15,12.78,,nan,nan,nan,,Model,Model
Sk -69 225|[M2002] 166972,5h36m56.87s,-69d16m17.7s,,B8 I,0.24,12.25,,nan,nan,nan,,Model,Model
Sk -69 229|[M2002] 167791,5h37m14.87s,-69d29m52.2s,,O8.5 III,0.15,11.55,,nan,nan,nan,,Model,Model
Sk -67 227|[M2002] 167813,5h37m15.27s,-67d50m10.5s,,B8 I,0.06,12.52,,nan,nan,nan,,Model,Model
BI 249|[M2002] 167963,5h37m18.67s,-68d59m17.9s,,O9.5 V,0.19,12.34,,nan,nan,nan,,Model,Model
BI 253|[M2002] 168644,5h37m34.48s,-69d01m10.4s,BI253|72|72|252634|72|252634|BI253|BI253|BI253|BI253,O3 V,0.19,12.65,24241|77873|25992|11051|53124| 9166| 1122| 1026| 9895|  100,2.24E-13,5.59E-14,2.07E-13,FUSE/1045|STIS/CCD/G750M/6580|STIS/FUV-MAMA/G140L/1418|STIS/NUV-MAMA/E230M/1987|STIS/NUV-MAMA/G230L/2372,Model,Model
Sk -68 134|[M2002] 168722,5h37m36.29s,-68d50m56.4s,,B1 Ib,0.18,12.85,,nan,nan,nan,,Model,Model
Sk -69 233|[M2002] 168930,5h37m40.6s,-69d07m57.6s,312100|312100|312100|312100|BREY 71|BR71,WN7h,nan,13.38,36831| 8106|22101|18332|17398|17760,nan,1.68E-14,5.39E-14,LWP/LWP/2599|SWP/SWP/1565,downloaded/LMC/IUE/[M2002]_168930.0/swp48106/swp48106.mxlo.gz|downloaded/LMC/IUE/[M2002]_168930.0/swp48106/swp48106mxlo_vo.fits,downloaded/LMC/IUE/[M2002]_168930.0/lwp03708/lwp03708.mxlo.gz|downloaded/LMC/IUE/[M2002]_168930.0/lwp03708/lwp03708mxlo_vo.fits
Sk -69 234|[M2002] 169130,5h37m44.75s,-69d14m25.2s,408775|408775|408775|408775,WC4,nan,14,53243| 7365|22099|18336,nan,nan,nan,,Model,Model
Sk -67 229|[M2002] 170397,5h38m14.92s,-67d36m33.7s,,B3: I,0.09,12.67,,nan,nan,nan,,Model,Model
Sk -68 137|[M2002] 170808,5h38m24.77s,-68d52m32.8s,SK-68D137|SK-68D137|SK-68D137|SK-68 137|SK-68 137,O3 III(f*),0.21,12.24,84430|51840|75078| 2398| 2398,nan,nan,nan,FUSE/1045|LWP/LWP/2599|SWP/SWP/1565,downloaded/LMC/IUE/[M2002]_170808.0/swp39535/swp39535.mxlo.gz|downloaded/LMC/IUE/[M2002]_170808.0/swp39535/swp39535mxlo_vo.fits,downloaded/LMC/IUE/[M2002]_170808.0/lwp18663/lwp18663.mxlo.gz|downloaded/LMC/IUE/[M2002]_170808.0/lwp18663/lwp18663mxlo_vo.fits
Sk -69 241|[M2002] 170914,5h38m27.79s,-69d29m58.4s,,WN4b,nan,14.21,,nan,nan,nan,,Model,Model
Sk -67 230|[M2002] 171436,5h38m39.25s,-67d33m59.0s,,B2 III,0.12,12.53,,nan,nan,nan,,Model,Model
BI 255|[M2002] 172048,5h38m53.78s,-67d24m17.7s,,B0 III,0.12,13.16,,nan,nan,nan,,Model,Model
Sk -68 141|[M2002] 172616,5h39m08.16s,-68d29m07.5s,,B8 I,0,12.2,,nan,nan,nan,,Model,Model
Sk -68 143|[M2002] 172922,5h39m15.12s,-68d12m01.7s,,B7 I,0.02,12.37,,nan,nan,nan,,Model,Model
Sk -67 234|[M2002] 173168,5h39m21.34s,-67d06m53.5s,,B8 I,0,12.22,,nan,nan,nan,,Model,Model
Sk -68 144|[M2002] 173571,5h39m33.86s,-68d39m01.7s,,B8 I,0.05,12.86,,nan,nan,nan,,Model,Model
BI 267|[M2002] 176538,5h41m37.57s,-68d32m33.2s,,B0 III,0.17,13.1,,nan,nan,nan,,Model,Model
Sk -69 278|[M2002] 176621,5h41m40.76s,-69d22m05.1s,,B5 I,0.15,12.15,,nan,nan,nan,,Model,Model
Sk -69 286|[M2002] 177990,5h42m35.22s,-69d16m47.8s,91341,B4 I,0.19,12.32,2770,nan,nan,nan,,Model,Model
Sk -69 245|[M2002] 171780,5h38m47.6s,-69d00m25.1s,137590|137590|137590|137590|HD 269926|HD 269926,WN5+B,nan,11.95,53243| 7365|22099|18336| 2398| 2160,nan,2.05E-13,4.10E-13,SWP/SWP/1565,downloaded/LMC/IUE/[M2002]_171780.0/swp04140/swp04140.mxlo.gz|downloaded/LMC/IUE/[M2002]_171780.0/swp04140/swp04140mxlo_vo.fits,Model
Sk -69 251|[M2002] 172745,5h39m11.41s,-69d02m01.2s,170852|170852|170852|170852,WN5(h),nan,12.32,53243| 7365|22099|18336,nan,nan,nan,,Model,Model
Sk -68 145|[M2002] 173582,5h39m34.36s,-68d44m09.2s,Sand_2|FD 73|FD 73|BAT99-123|BAT99-123|BAT99-123,WO3,nan,14.38,46507|14398| 9597| 4501| 4500| 4501,2.61E-14,1.24E-14,1.99E-14,FUSE/1045|SWP/SWP/1565,downloaded/LMC/IUE/[M2002]_173582.0/swp07580/swp07580.mxlo.gz|downloaded/LMC/IUE/[M2002]_173582.0/swp07580/swp07580mxlo_vo.fits,Model
Sk -69 255|[M2002] 174085,5h39m56.21s,-69d24m24.1s,HD38448|HD 38448|HD 38448,WC5+O7,nan,12.07,56639| 1918| 1680,0,0,0,SWP/SWP/1565,downloaded/LMC/IUE/[M2002]_174085.0/swp04187/swp04187.mxlo.gz|downloaded/LMC/IUE/[M2002]_174085.0/swp04187/swp04187mxlo_vo.fits,Model
Sk -69 258|[M2002] 174323,5h40m07.66s,-69d24m31.8s,,WN3+O7,nan,12.04,,nan,nan,nan,,Model,Model
Sk -69 266|[M2002] 175356,5h40m50.91s,-69d26m31.8s,,WN4b,nan,nan,,nan,nan,nan,,Model,Model
Sk -69 295|[M2002] 179557,5h43m59.19s,-69d30m58.4s,,B3: I,-0.03,12.52,,nan,nan,nan,,Model,Model
BAT99-2|[M2002] 5735,4h49m36.29s,-69d20m55.4s,AB 14|BR2 NEBULA,WN1,nan,15.55,14398|44999,nan,1.04E-14,1.62E-14,LWP/LWP/2599|SWP/SWP/1565,downloaded/LMC/IUE/[M2002]_5735.0/swp50434/swp50434.mxlo.gz|downloaded/LMC/IUE/[M2002]_5735.0/swp50434/swp50434mxlo_vo.fits,downloaded/LMC/IUE/[M2002]_5735.0/lwp23832/lwp23832.mxlo.gz|downloaded/LMC/IUE/[M2002]_5735.0/lwp23832/lwp23832mxlo_vo.fits
BAT99-7|[M2002] 25077,4h55m31.35s,-67d30m03.4s,HD 32109,WN4b,nan,12.89,598,nan,4.61E-13,1.67E-13,SWP/SWP/1565,downloaded/LMC/IUE/[M2002]_25077.0/swp38449/swp38449.mxlo.gz|downloaded/LMC/IUE/[M2002]_25077.0/swp38449/swp38449mxlo_vo.fits,Model
BAT99-8|[M2002] 27276,4h56m02.96s,-69d27m21.9s,FD 5|FD 5,WC4,nan,13.64,7199| 4199,nan,1.66E-13,1.36E-13,SWP/SWP/1565,downloaded/LMC/IUE/[M2002]_27276.0/swp07582/swp07582.mxlo.gz|downloaded/LMC/IUE/[M2002]_27276.0/swp07582/swp07582mxlo_vo.fits,Model
BAT99-11|[M2002] 33780,4h57m24.1s,-68d23m57.5s,SK-68D15|NGC 1770-L16|HD 32402|NGC 1770-L16,WC4,nan,12.19,47047| 8398|47999| 5398,1.63E-13,6.00E-14,9.65E-14,FUSE/1045|LWP/LWP/2599|SWP/0/0|SWP/SWP/1565,downloaded/LMC/IUE/[M2002]_33780.0/swp46396/swp46396.mxlo.gz|downloaded/LMC/IUE/[M2002]_33780.0/swp46396/swp46396mxlo_vo.fits,downloaded/LMC/IUE/[M2002]_33780.0/lwp24398/lwp24398.mxlo.gz|downloaded/LMC/IUE/[M2002]_33780.0/lwp24398/lwp24398mxlo_vo.fits
BAT99-12|[M2002] 34056,4h57m27.47s,-67d39m03.3s,Sk-6722|SK-67 22|SK-6722|SK-6722|SK-6722|SK-67 22,O3If*/WN6-A,0.1,12.21,16974|15597|  862| 1645|  639|11457,8.49E-13,4.68E-13,4.83E-13,FUSE/1045|LWP/LWP/2599|STIS/CCD/G430M/3164|STIS/CCD/G750M/6580|STIS/FUV-MAMA/G140L/1418|SWP/SWP/1565,downloaded/LMC/IUE/[M2002]_34056.0/swp10730/swp10730.mxlo.gz|downloaded/LMC/IUE/[M2002]_34056.0/swp10730/swp10730mxlo_vo.fits,downloaded/LMC/IUE/[M2002]_34056.0/lwp25901/lwp25901.mxlo.gz|downloaded/LMC/IUE/[M2002]_34056.0/lwp25901/lwp25901mxlo_vo.fits
BAT99-15|[M2002] 45002,4h59m51.53s,-67d56m56.0s,SK-67D32|HD 268847|HD 268847,WN4b,nan,13.52,72875|10199|15742,2.89E-13,3.70E-13,1.51E-13,FUSE/1045|SWP/SWP/1565,downloaded/LMC/IUE/[M2002]_45002.0/swp09167/swp09167.mxlo.gz|downloaded/LMC/IUE/[M2002]_45002.0/swp09167/swp09167mxlo_vo.fits,Model
BAT99-17|[M2002] 62470,5h04m12.5s,-70d03m55.5s,BR14,WN4o,nan,13.42,6839,nan,2.69E-13,1.59E-13,SWP/SWP/1565,downloaded/LMC/IUE/[M2002]_62470.0/swp33458/swp33458.mxlo.gz|downloaded/LMC/IUE/[M2002]_62470.0/swp33458/swp33458mxlo_vo.fits,Model
BAT99-18|[M2002] 65479,5h05m08.49s,-70d22m45.5s,,WN4(h),nan,13.59,,nan,nan,nan,,Model,Model
BAT99-20|[M2002] 81268,5h09m53.83s,-68d52m52.8s,,WC5+O,nan,13.08,,nan,nan,nan,,Model,Model
BAT99-24|[M2002] 95796,5h14m12.82s,-69d19m26.0s,BR19|HD 34783,WN4b,nan,13.56,2761|19198,nan,1.98E-13,1.14E-13,LWP/LWP/2599|SWP/SWP/1565,downloaded/LMC/IUE/[M2002]_95796.0/swp07003/swp07003.mxlo.gz|downloaded/LMC/IUE/[M2002]_95796.0/swp07003/swp07003mxlo_vo.fits,downloaded/LMC/IUE/[M2002]_95796.0/lwp13165/lwp13165.mxlo.gz|downloaded/LMC/IUE/[M2002]_95796.0/lwp13165/lwp13165mxlo_vo.fits
BAT99-26|[M2002] 104322,5h16m38.94s,-69d16m40.9s,BR 20|WS 14,WN4b,nan,13.63,21593| 6598,nan,2.14E-13,1.14E-13,LWP/LWP/2599|SWP/SWP/1565,downloaded/LMC/IUE/[M2002]_104322.0/swp07001/swp07001.mxlo.gz|downloaded/LMC/IUE/[M2002]_104322.0/swp07001/swp07001mxlo_vo.fits,downloaded/LMC/IUE/[M2002]_104322.0/lwp25907/lwp25907.mxlo.gz|downloaded/LMC/IUE/[M2002]_104322.0/lwp25907/lwp25907mxlo_vo.fits
BAT99-36|[M2002] 132665,5h24m24.26s,-68d31m35.8s,HD 269485|HD 269485,WN4b/WNE,nan,13.59,11398| 2402,nan,1.84E-13,9.95E-14,SWP/SWP/1565,downloaded/LMC/IUE/[M2002]_132665.0/swp09160/swp09160.mxlo.gz|downloaded/LMC/IUE/[M2002]_132665.0/swp09160/swp09160mxlo_vo.fits,Model
BAT99-40|[M2002] 136134,5h26m36.95s,-68d51m01.3s,,WN5o+O,nan,13.58,,nan,nan,nan,,Model,Model
BAT99-41|[M2002] 136372,5h26m42.68s,-69d06m57.0s,RP877|RP877|RP877|RP877|HDE 269549|HD 269549,WN4b,nan,13.78,5403| 8103| 7968| 7487| 7558| 2398,nan,1.60E-13,1.38E-13,LWP/LWP/2599|SWP/SWP/1565,downloaded/LMC/IUE/[M2002]_136372.0/swp38451/swp38451.mxlo.gz|downloaded/LMC/IUE/[M2002]_136372.0/swp38451/swp38451mxlo_vo.fits,downloaded/LMC/IUE/[M2002]_136372.0/lwp20197/lwp20197.mxlo.gz|downloaded/LMC/IUE/[M2002]_136372.0/lwp20197/lwp20197mxlo_vo.fits
BAT99-44|[M2002] 139177,5h27m42.78s,-69d10m00.4s,RP844|RP844|RP844|WS 27|FD 32|WS 27,WN8h,nan,12.24,3999| 3983| 4104| 6242| 3000| 6836,nan,1.64E-13,2.36E-13,LWP/LWP/2599|SWP/SWP/1565,downloaded/LMC/IUE/[M2002]_139177.0/swp06968/swp06968.mxlo.gz|downloaded/LMC/IUE/[M2002]_139177.0/swp06968/swp06968mxlo_vo.fits,downloaded/LMC/IUE/[M2002]_139177.0/lwp20462/lwp20462.mxlo.gz|downloaded/LMC/IUE/[M2002]_139177.0/lwp20462/lwp20462mxlo_vo.fits
BAT99-46|[M2002] 140882,5h28m18.03s,-69d02m36.0s,BR 38|BR 38,WN4o,nan,14.44,5400| 5099,nan,2.95E-14,3.96E-14,LWP/LWP/2599|SWP/SWP/1565,downloaded/LMC/IUE/[M2002]_140882.0/swp23385/swp23385.mxlo.gz|downloaded/LMC/IUE/[M2002]_140882.0/swp23385/swp23385mxlo_vo.fits,downloaded/LMC/IUE/[M2002]_140882.0/lwp03700/lwp03700.mxlo.gz|downloaded/LMC/IUE/[M2002]_140882.0/lwp03700/lwp03700mxlo_vo.fits
BAT99-47|[M2002] 143463,5h29m12.47s,-68d45m36.0s,W52|W52,WN3,nan,nan,1801| 5039,nan,1.06E-12,1.38E-12,LWP/LWP/2599|SWP/SWP/1565,downloaded/LMC/IUE/[M2002]_143463.0/swp39525/swp39525.mxlo.gz|downloaded/LMC/IUE/[M2002]_143463.0/swp39525/swp39525mxlo_vo.fits,downloaded/LMC/IUE/[M2002]_143463.0/lwp18655/lwp18655.mxlo.gz|downloaded/LMC/IUE/[M2002]_143463.0/lwp18655/lwp18655mxlo_vo.fits
BAT99-48|[M2002] 144436,5h29m31.75s,-68d54m28.7s,BREY 40|HD 269624,WN4b,nan,13.88,6000| 7800,nan,8.76E-14,5.09E-14,LWP/LWP/2599|SWP/SWP/1565,downloaded/LMC/IUE/[M2002]_144436.0/swp38450/swp38450.mxlo.gz|downloaded/LMC/IUE/[M2002]_144436.0/swp38450/swp38450mxlo_vo.fits,downloaded/LMC/IUE/[M2002]_144436.0/lwp03707/lwp03707.mxlo.gz|downloaded/LMC/IUE/[M2002]_144436.0/lwp03707/lwp03707mxlo_vo.fits
BAT99-50|[M2002] 145660,5h29m53.82s,-69d01m04.8s,,WN4.5,nan,13.31,,nan,nan,nan,,Model,Model
BAT99-51|[M2002] 146131,5h30m02.54s,-68d45m18.2s,RP905|RP905|RP905|RP905|WS 30,WN3b,nan,14.09,5403| 4104| 3881| 3506| 6000,nan,3.29E-14,2.22E-15,SWP/SWP/1565,downloaded/LMC/IUE/[M2002]_146131.0/swp04872/swp04872.mxlo.gz|downloaded/LMC/IUE/[M2002]_146131.0/swp04872/swp04872mxlo_vo.fits,Model
BAT99-52|[M2002] 146696,5h30m12.26s,-67d26m08.6s,HD37026|FD 37|FD 37,WC4,nan,12.85,22134|10562| 6960,5.87E-13,4.15E-13,2.11E-13,FUSE/1045|SWP/SWP/1565,downloaded/LMC/IUE/[M2002]_146696.0/swp04366/swp04366.mxlo.gz|downloaded/LMC/IUE/[M2002]_146696.0/swp04366/swp04366mxlo_vo.fits,Model
BAT99-54|[M2002] 150553,5h31m18.21s,-69d08m45.7s,,WN9h,nan,13.76,,nan,nan,nan,,Model,Model
BAT99-56|[M2002] 151339,5h31m32.9s,-67d40m46.6s,SK-67D161,WN4b,nan,13.51,330124,2.61E-13,nan,nan,FUSE/1045,Model,Model
BAT99-57|[M2002] 151416,5h31m34.46s,-67d16m29.3s,57906|57906|57906|57906|57906|57906|BR 45|BR 45,WN4b,nan,13.87,27620|27753|27748|27729|26138|27741|10800|11996,nan,1.74E-13,1.01E-13,LWP/LWP/2599|SWP/SWP/1565,downloaded/LMC/IUE/[M2002]_151416.0/swp48032/swp48032.mxlo.gz|downloaded/LMC/IUE/[M2002]_151416.0/swp48032/swp48032mxlo_vo.fits,downloaded/LMC/IUE/[M2002]_151416.0/lwp25848/lwp25848.mxlo.gz|downloaded/LMC/IUE/[M2002]_151416.0/lwp25848/lwp25848mxlo_vo.fits
BAT99-58|[M2002] 153219,5h32m07.61s,-68d26m31.4s,BR 47|BR47,WN6h,nan,14.85,21593|21600,nan,4.65E-15,3.46E-15,LWP/LWP/2599|SWP/SWP/1565,downloaded/LMC/IUE/[M2002]_153219.0/swp48039/swp48039.mxlo.gz|downloaded/LMC/IUE/[M2002]_153219.0/swp48039/swp48039mxlo_vo.fits,downloaded/LMC/IUE/[M2002]_153219.0/lwp25849/lwp25849.mxlo.gz|downloaded/LMC/IUE/[M2002]_153219.0/lwp25849/lwp25849mxlo_vo.fits
BAT99-59|[M2002] 156590,5h33m10.63s,-67d42m42.8s,WAVCAL  NO TFLOOD|SK-67184|WAVCAL  + TFLOOD|SK-67184,WN4o+B,nan,12.09,64| 4576|  477|11052,0,1.45E-13,2.11E-13,SWP/0/0|SWP/SWP/1565,downloaded/LMC/IUE/[M2002]_156590.0/swp07635/swp07635.mxlo.gz|downloaded/LMC/IUE/[M2002]_156590.0/swp07635/swp07635mxlo_vo.fits,Model
BAT99-63|[M2002] 161290,5h34m52.12s,-67d21m28.9s,,WN4h+abs,nan,13.39,,nan,nan,nan,,Model,Model
BAT99-65|[M2002] 162213,5h35m15.23s,-69d05m43.1s,,WN4,nan,14.95,,nan,nan,nan,,Model,Model
BAT99-66|[M2002] 162867,5h35m29.85s,-67d06m49.5s,,WN3b(h),nan,14.09,,nan,nan,nan,,Model,Model
BAT99-68|[M2002] 163386,5h35m42.02s,-69d11m54.2s,BR 58|BREY 58,WN5-6,nan,12.77,11999|10195,nan,-2.42E-14,2.73E-14,LWP/LWP/2599|SWP/SWP/1565,downloaded/LMC/IUE/[M2002]_163386.0/swp23401/swp23401.mxlo.gz|downloaded/LMC/IUE/[M2002]_163386.0/swp23401/swp23401mxlo_vo.fits,downloaded/LMC/IUE/[M2002]_163386.0/lwp04163/lwp04163.mxlo.gz|downloaded/LMC/IUE/[M2002]_163386.0/lwp04163/lwp04163mxlo_vo.fits
BAT99-70|[M2002] 163453,5h35m43.65s,-69d10m57.6s,HD 269818|WS 36|HD 269818,WC4,nan,12.9,7199| 3359|11401,nan,1.54E-14,4.52E-14,LWP/LWP/2599|SWP/SWP/1565,downloaded/LMC/IUE/[M2002]_163453.0/swp39144/swp39144.mxlo.gz|downloaded/LMC/IUE/[M2002]_163453.0/swp39144/swp39144mxlo_vo.fits,downloaded/LMC/IUE/[M2002]_163453.0/lwp18179/lwp18179.mxlo.gz|downloaded/LMC/IUE/[M2002]_163453.0/lwp18179/lwp18179mxlo_vo.fits
BAT99-71|[M2002] 163480,5h35m44.29s,-68d59m36.7s,BR60|BR 60/ SKY,WN3opec,nan,14.1,11400| 6178,nan,6.75E-15,1.65E-15,LWP/LWP/2599|SWP/SWP/1565,downloaded/LMC/IUE/[M2002]_163480.0/swp48040/swp48040.mxlo.gz|downloaded/LMC/IUE/[M2002]_163480.0/swp48040/swp48040mxlo_vo.fits,downloaded/LMC/IUE/[M2002]_163480.0/lwp25857/lwp25857.mxlo.gz|downloaded/LMC/IUE/[M2002]_163480.0/lwp25857/lwp25857mxlo_vo.fits
BAT99-72|[M2002] 163516,5h35m45.12s,-68d58m44.4s,,WN4,nan,14.58,,nan,nan,nan,,Model,Model
BAT99-73|[M2002] 163753,5h35m50.71s,-68d53m39.3s,,WN4.5,nan,13.53,,nan,nan,nan,,Model,Model
BAT99-74|[M2002] 163833,5h35m52.44s,-68d55m08.7s,,WN3,nan,14.56,,nan,nan,nan,,Model,Model
BAT99-75|[M2002] 163913,5h35m54.07s,-67d02m48.8s,FD 52|FD 52,WN3,nan,13.39,3000| 7800,nan,3.21E-13,1.71E-13,SWP/SWP/1565,downloaded/LMC/IUE/[M2002]_163913.0/swp09890/swp09890.mxlo.gz|downloaded/LMC/IUE/[M2002]_163913.0/swp09890/swp09890mxlo_vo.fits,Model
BAT99-76|[M2002] 163937,5h35m54.45s,-68d59m07.6s,Brey64|BR 64|BAT99 76|BREY 64,WN9h,nan,12.46,16620| 4799|  899| 7259,1.03E-13,3.62E-14,1.11E-13,FUSE/1045|LWP/LWP/2599|SWP/0/0|SWP/SWP/1565,downloaded/LMC/IUE/[M2002]_163937.0/swp23890/swp23890.mxlo.gz|downloaded/LMC/IUE/[M2002]_163937.0/swp23890/swp23890mxlo_vo.fits,downloaded/LMC/IUE/[M2002]_163937.0/lwp04164/lwp04164.mxlo.gz|downloaded/LMC/IUE/[M2002]_163937.0/lwp04164/lwp04164mxlo_vo.fits
BAT99-80|[M2002] 164167,5h35m59.22s,-69d11m50.5s,SK-69209|SK -69 209|SK-69 209,O4If/WN6,0.29,10.45,240|69891| 1198,0,0,0,LWP/LWP/2599|SWP/0/0|SWP/SWP/1565,downloaded/LMC/IUE/[M2002]_164167.0/swp33117/swp33117.mxlo.gz|downloaded/LMC/IUE/[M2002]_164167.0/swp33117/swp33117mxlo_vo.fits,downloaded/LMC/IUE/[M2002]_164167.0/lwp12889/lwp12889.mxlo.gz|downloaded/LMC/IUE/[M2002]_164167.0/lwp12889/lwp12889mxlo_vo.fits
BAT99-81|[M2002] 164793,5h36m12.15s,-67d34m58.0s,MG 2|MG 2,WN5,nan,14.32,7199| 9238,nan,1.77E-14,1.43E-14,LWP/LWP/2599|SWP/SWP/1565,downloaded/LMC/IUE/[M2002]_164793.0/swp40900/swp40900.mxlo.gz|downloaded/LMC/IUE/[M2002]_164793.0/swp40900/swp40900mxlo_vo.fits,downloaded/LMC/IUE/[M2002]_164793.0/lwp20463/lwp20463.mxlo.gz|downloaded/LMC/IUE/[M2002]_164793.0/lwp20463/lwp20463mxlo_vo.fits
BAT99-86|[M2002] 167648,5h37m11.59s,-69d07m37.7s,237407|237407|237407|237407,WN4o,nan,16.33,15272| 7366|11051| 9166,nan,nan,nan,,Model,Model
BAT99-88|[M2002] 168698,5h37m35.75s,-69d08m40.5s,371932|371932|371932|371932,WN4,nan,17.3,22045| 4222|11051| 9165,nan,nan,nan,,Model,Model
BAT99-89|[M2002] 168930,5h37m40.6s,-69d07m57.6s,312100|312100|312100|312100|BREY 71|BR71,WN7h,nan,13.38,36831| 8106|22101|18332|17398|17760,nan,1.68E-14,5.39E-14,LWP/LWP/2599|SWP/SWP/1565,downloaded/LMC/IUE/[M2002]_168930.0/swp48106/swp48106.mxlo.gz|downloaded/LMC/IUE/[M2002]_168930.0/swp48106/swp48106mxlo_vo.fits,downloaded/LMC/IUE/[M2002]_168930.0/lwp03708/lwp03708.mxlo.gz|downloaded/LMC/IUE/[M2002]_168930.0/lwp03708/lwp03708mxlo_vo.fits
BAT99-90|[M2002] 169130,5h37m44.75s,-69d14m25.2s,408775|408775|408775|408775,WC4,nan,14,53243| 7365|22099|18336,nan,nan,nan,,Model,Model
BAT99-91|[M2002] 169206,5h37m46.43s,-69d09m09.1s,30DORB-3|371428|371428|371428|371428,WN7,nan,11.46,2454|14733| 7906|11051| 9166,nan,nan,nan,,Model,Model
BAT99-93|[M2002] 169429,5h37m51.45s,-69d09m46.7s,462233|462233|462233|462233|LH99#3|LH99#3,O3If/WN6,0.31,12.48,24727| 3683|11051| 9161| 2400| 5400,nan,6.75E-14,1.65E-13,LWP/LWP/2599|SWP/SWP/1565,downloaded/LMC/IUE/[M2002]_169429.0/swp41766/swp41766.mxlo.gz|downloaded/LMC/IUE/[M2002]_169429.0/swp41766/swp41766mxlo_vo.fits,downloaded/LMC/IUE/[M2002]_169429.0/lwp20514/lwp20514.mxlo.gz|downloaded/LMC/IUE/[M2002]_169429.0/lwp20514/lwp20514mxlo_vo.fits
BAT99-94|[M2002] 170914,5h38m27.79s,-69d29m58.4s,,WN4b,nan,14.21,,nan,nan,nan,,Model,Model
BAT99-95|[M2002] 171177,5h38m33.66s,-69d04m50.9s,12|12|12|12|BR80|NGC 2070|NGC 2070 NED01|NGC 2070,WN7h,nan,11.68,22320| 3682|11703| 9167| 5398| 8099|19799|10914,0,5.35E-14,1.79E-13,LWP/LWP/2599|SWP/0/0|SWP/SWP/1565,downloaded/LMC/IUE/[M2002]_171177.0/swp06637/swp06637.mxlo.gz|downloaded/LMC/IUE/[M2002]_171177.0/swp06637/swp06637mxlo_vo.fits,downloaded/LMC/IUE/[M2002]_171177.0/lwp25898/lwp25898.mxlo.gz|downloaded/LMC/IUE/[M2002]_171177.0/lwp25898/lwp25898mxlo_vo.fits
BAT99-97|[M2002] 171412,5h38m38.82s,-69d06m48.7s,50|50|50|50|NEAR MELNICK|HD 038268|HD 038268|NEAR MELNCK4,O3If*/WN7-A,0.82,13.86,22045| 3683|11051| 9165| 1801|13319|11999| 7679,0,1.23E-14,8.55E-14,LWP/LWP/2599|SWP/0/0|SWP/SWP/1565,downloaded/LMC/IUE/[M2002]_171412.0/swp40132/swp40132.mxlo.gz|downloaded/LMC/IUE/[M2002]_171412.0/swp40132/swp40132mxlo_vo.fits,downloaded/LMC/IUE/[M2002]_171412.0/lwp19239/lwp19239.mxlo.gz|downloaded/LMC/IUE/[M2002]_171412.0/lwp19239/lwp19239mxlo_vo.fits
BAT99-98|[M2002] 171429,5h38m39.07s,-69d06m21.8s,NEAR MELNICK|HD 038268|30 DOR|HD 038268|30 DOR,WN6(h),nan,11.88,1951|20519| 8916|135299|43381,0,7.17E-14,7.33E-13,LWP/LWP/2599|SWP/0/0|SWP/SWP/1565,downloaded/LMC/IUE/[M2002]_171429.0/swp11267/swp11267.mxlo.gz|downloaded/LMC/IUE/[M2002]_171429.0/swp11267/swp11267mxlo_vo.fits,downloaded/LMC/IUE/[M2002]_171429.0/lwp19239/lwp19239.mxlo.gz|downloaded/LMC/IUE/[M2002]_171429.0/lwp19239/lwp19239mxlo_vo.fits
BAT99-117|[M2002] 171780,5h38m47.6s,-69d00m25.1s,137590|137590|137590|137590|HD 269926|HD 269926,WN5+B,nan,11.95,53243| 7365|22099|18336| 2398| 2160,nan,2.05E-13,4.10E-13,SWP/SWP/1565,downloaded/LMC/IUE/[M2002]_171780.0/swp04140/swp04140.mxlo.gz|downloaded/LMC/IUE/[M2002]_171780.0/swp04140/swp04140mxlo_vo.fits,Model
BAT99-121|[M2002] 172447,5h39m03.82s,-69d03m46.5s,47375|47375|47375|47375,WC4,nan,nan,24727| 3683|11051| 9161,nan,nan,nan,,Model,Model
BAT99-122|[M2002] 172745,5h39m11.41s,-69d02m01.2s,170852|170852|170852|170852,WN5(h),nan,12.32,53243| 7365|22099|18336,nan,nan,nan,,Model,Model
BAT99-123|[M2002] 173582,5h39m34.36s,-68d44m09.2s,Sand_2|FD 73|FD 73|BAT99-123|BAT99-123|BAT99-123,WO3,nan,14.38,46507|14398| 9597| 4501| 4500| 4501,2.61E-14,1.24E-14,1.99E-14,FUSE/1045|SWP/SWP/1565,downloaded/LMC/IUE/[M2002]_173582.0/swp07580/swp07580.mxlo.gz|downloaded/LMC/IUE/[M2002]_173582.0/swp07580/swp07580mxlo_vo.fits,Model
BAT99-125|[M2002] 174085,5h39m56.21s,-69d24m24.1s,HD38448|HD 38448|HD 38448,WC5+O7,nan,12.07,56639| 1918| 1680,0,0,0,SWP/SWP/1565,downloaded/LMC/IUE/[M2002]_174085.0/swp04187/swp04187.mxlo.gz|downloaded/LMC/IUE/[M2002]_174085.0/swp04187/swp04187mxlo_vo.fits,Model
BAT99-126|[M2002] 174323,5h40m07.66s,-69d24m31.8s,,WN3+O7,nan,12.04,,nan,nan,nan,,Model,Model
BAT99-127|[M2002] 174452,5h40m13.69s,-69d24m02.8s,MG 6|MG 6,WC5+O6,nan,11.72,1500| 2699,nan,1.79E-13,3.43E-13,LWP/LWP/2599|SWP/SWP/1565,downloaded/LMC/IUE/[M2002]_174452.0/swp39466/swp39466.mxlo.gz|downloaded/LMC/IUE/[M2002]_174452.0/swp39466/swp39466mxlo_vo.fits,downloaded/LMC/IUE/[M2002]_174452.0/lwp18593/lwp18593.mxlo.gz|downloaded/LMC/IUE/[M2002]_174452.0/lwp18593/lwp18593mxlo_vo.fits
BAT99-128|[M2002] 175356,5h40m50.91s,-69d26m31.8s,,WN4b,nan,nan,,nan,nan,nan,,Model,Model
Sk -69 50|[M2002] 33053,4h57m15.19s,-69d20m20.4s,SK-69D50|SK-69D50,B0.7 (IV)e,0.11,12.16,19577| 2839,7.16E-13,1.75E-13,4.62E-13,FUSE/1045|STIS/FUV-MAMA/E140M/1425,Model,Model