target_name_ullyses,target_name_simbad,target_classification,simbad_link,targ_ra,targ_dec,coordinate_epoch,source_catalog,host_galaxy_name,host_cluster_name,d_gaia,d_gaia_err,spectral_type,spectral_type_ref,temp_class,lum_class,star_teff,star_teff_ref,star_luminosity,star_luminosity_ref,star_mass,star_mass_ref,surface_gravity,surface_gravity_ref,rotation_period,rotation_period_ref,rotation_velocity,rotation_velocity_ref,terminal_velocity,terminal_velocity_ref,star_radius,star_radius_ref,rate_accretion,rate_accretion_ref,extinction_ebmv,extinction_ebmv_ref,age,age_ref,metallicity,metallicity_ref,fuv_mag,nuv_mag,u_mag,u_mag_ref,b_mag,b_mag_ref,v_mag,v_mag_ref,i_mag,i_mag_ref,gaia_id,gaia_parallax,gaia_parallax_err,known_binary,known_binary_ref,is_variable,is_monitor_targ,extended,Extra,radial_velocity,radial_velocity_ref,gaia_g_mean_mag,gaia_bp_mean_mag,gaia_rp_mean_mag
CVSO 109,CVSO 109,T Tauri star,http://simbad.cds.unistra.fr/simbad/sim-id?Ident=Haro+5-66,83.13610687,-1.229437464,2016,2005AJ....129..935C,MW,Ori OB1b,425.5138079,60.99978805,M0,2005AJ....129..935C,,,3850,2005AJ....129..935C,0.17,2005AJ....129..935C,0.56,2005AJ....129..935C,,,,,,,,,2.73,2005AJ....129..935C,-7.6,2005AJ....129..935C,0,2005AJ....129..935C,0.8,2005AJ....129..935C,,,,,14.5,2005AJ....129..935C,,,13.97,none,,,Gaia DR3 3217630378215871232,2.3501,0.3369,none,none,TRUE,FALSE,FALSE,FALSE,16.9,2020AJ....160..120J,13.79141426,14.18611622,12.42665958
CVSO 90,CVSO 90,T Tauri star,http://simbad.cds.unistra.fr/simbad/sim-id?Ident=Kiso+A-0904+1,82.83596192,-0.822183962,2016,2005AJ....129..935C,MW,Ori OB1b,343.5599684,3.895103912,K7,2005AJ....129..935C,,,4060,2005AJ....129..935C,-0.26,2005AJ....129..935C,0.79,2005AJ....129..935C,,,,,,,,,1.5,2005AJ....129..935C,-7.75,2005AJ....129..935C,0,2005AJ....129..935C,5.04,2005AJ....129..935C,,,,,14.02,2005AJ....129..935C,,,14.61,none,,,Gaia DR3 3220661529910667904,2.9107,0.033,none,none,TRUE,FALSE,FALSE,FALSE,20.7,2020AJ....160..120J,14.5280695,15.15881252,13.66796398
CVSO 146,CVSO 146,T Tauri star,http://simbad.cds.unistra.fr/simbad/sim-id?Ident=Haro+5-73,83.94168448,-0.964513832,2016,2005AJ....129..935C,MW,Ori OB1b,336.6890004,1.723064141,K6+K6,2005AJ....129..935C,,,4205,2005AJ....129..935C,0.12,2005AJ....129..935C,0.92,2005AJ....129..935C,,,,,,,,,2.17,2005AJ....129..935C,-8.06,2005AJ....129..935C,0.032,2005AJ....129..935C,2.01,2005AJ....129..935C,,,,,15.25,2005AJ....129..935C,,,14.01,none,,,Gaia DR3 3217657011309526016,2.9701,0.0152,TRUE,2005AJ....129..935C,TRUE,FALSE,FALSE,FALSE,17.8,2020AJ....160..120J,13.44785023,14.26192188,12.52723122
V505 ORI,V505 Ori,T Tauri star,http://simbad.cds.unistra.fr/simbad/sim-id?Ident=V*+V505+Ori,84.61357213,-2.752699988,2016,2016ApJ...829...38M,MW,Sigma Ori,398.9786147,3.979598376,K6.0,2016ApJ...829...38M,,,4020,2016ApJ...829...38M,,,0.754,2016ApJ...829...38M,,,,,,,,,1.37,2016ApJ...829...38M,-8.54,2016ApJ...829...38M,0,2016ApJ...829...38M,6.5,2016ApJ...829...38M,,,,,,,,,14.16,none,,,Gaia DR3 3216107490187638784,2.5064,0.025,none,none,TRUE,FALSE,FALSE,FALSE,30.3,2020AJ....160..120J,14.51813602,15.39472008,13.52348518
TX Ori,TX Ori,T Tauri star,http://simbad.cds.unistra.fr/simbad/sim-id?Ident=V*+TX+Ori,84.64037132,-2.737270497,2016,2016ApJ...829...38M,MW,Sigma Ori,404.8746913,36.55494399,K4.5,2016ApJ...829...38M,,,4330,2016ApJ...829...38M,,,1.087,2016ApJ...829...38M,,,,,,,,,2.85,2016ApJ...829...38M,-8.13,2016ApJ...829...38M,0,2016ApJ...829...38M,1.03,2016ApJ...829...38M,,,,,13.75,none,,,12.06,none,,,Gaia DR3 3216108997720732544,2.4699,0.223,none,none,TRUE,FALSE,FALSE,FALSE,31.5,2020AJ....160..120J,12.35545826,13.21104336,11.47868919
CVSO 104,CVSO 104,T Tauri star,http://simbad.cds.unistra.fr/simbad/sim-id?Ident=Haro+5-64,83.026605,-1.183367211,2016,2005AJ....129..935C,MW,Ori OB1b,366.3540445,3.999615522,M0+M2,2021A&A...656A.138F,,,4060,2005AJ....129..935C,-0.12,2005AJ....129..935C,0.77,2005AJ....129..935C,,,,,,,,,1.76,2005AJ....129..935C,-8.12,2005AJ....129..935C,0,2005AJ....129..935C,2.76,2005AJ....129..935C,,,,,14.93,2005AJ....129..935C,,,14.22,none,,,Gaia DR3 3217634157789741952,2.7296,0.0298,TRUE,2021A&A...656A.138F,TRUE,FALSE,FALSE,FALSE,15.5,2020AJ....160..120J,14.4547081,15.24219418,13.39810467
CVSO 36,CVSO 36B,T Tauri star,http://simbad.cds.unistra.fr/simbad/sim-id?Ident=CVSO+36,81.45987572,1.826958533,2016,2005AJ....129..935C,MW,Ori OB1a,340.9827122,3.081134065,M3,2005AJ....129..935C,,,3470,2005AJ....129..935C,-0.68,2005AJ....129..935C,0.34,2005AJ....129..935C,,,,,,,,,1.28,2005AJ....129..935C,-8.44,2005AJ....129..935C,0,2005AJ....129..935C,2.95,2005AJ....129..935C,,,,,,,,,16.07,none,,,Gaia DR3 3222268122557250304,2.9327,0.0265,none,none,TRUE,FALSE,FALSE,FALSE,19.8,2020AJ....160..120J,15.05605888,16.25941277,13.95809937
V510 ORI,V510 Ori,T Tauri star,http://simbad.cds.unistra.fr/simbad/sim-id?Ident=Haro+5-27,84.91595033,-2.522740869,2016,2016ApJ...829...38M,MW,Sigma Ori,396.6365223,4.216190226,K5.5,2016ApJ...829...38M,,,4140,2016ApJ...829...38M,,,0.875,2016ApJ...829...38M,,,,,,,,,1.4,2016ApJ...829...38M,-8.38,2016ApJ...829...38M,0.048,2016ApJ...829...38M,6.99,2016ApJ...829...38M,,,,,14.59,2005AJ....129..935C,,,14.3,none,,,Gaia DR3 3216493758070824064,2.5212,0.0268,none,none,TRUE,FALSE,FALSE,FALSE,33.4,2020AJ....160..120J,13.68946075,14.29975319,12.86629772
CVSO 107,CVSO 107,T Tauri star,http://simbad.cds.unistra.fr/simbad/sim-id?Ident=Kiso+A-0904+4,83.10742912,-0.614828642,2016,2005AJ....129..935C,MW,Ori OB1b,335.0869551,2.537601844,K7,2005AJ....129..935C,,,4060,2005AJ....129..935C,0.0086,2005AJ....129..935C,0.77,2005AJ....129..935C,,,,,,,,,2.04,2005AJ....129..935C,-7.96,2005AJ....129..935C,0.103,2005AJ....129..935C,2.12,2005AJ....129..935C,,,,,15.24,2005AJ....129..935C,,,14.78,none,,,Gaia DR3 3220694442244758784,2.9843,0.0226,none,none,TRUE,FALSE,FALSE,FALSE,17.5,2020AJ....160..120J,14.16493034,14.99910641,13.20381641
CVSO 165,CVSO 165,T Tauri star,http://simbad.cds.unistra.fr/simbad/sim-id?Ident=Kiso+A-0904+76,84.76072363,-1.342346479,2016,2005AJ....129..935C,MW,Ori OB1b,315.2982722,20.25042819,K6,2005AJ....129..935C,,,4205,2005AJ....129..935C,0.17,2005AJ....129..935C,0.91,2005AJ....129..935C,,,,,,,,,2.29,2005AJ....129..935C,-8.43,2005AJ....129..935C,0,2005AJ....129..935C,1.72,2005AJ....129..935C,,,,,15.25,2005AJ....129..935C,,,13.68,none,,,Gaia DR3 3217473702105162752,3.1716,0.2037,none,none,TRUE,FALSE,FALSE,FALSE,27.4,2020AJ....160..120J,13.3843956,14.04236794,12.39279461
CVSO 176,CVSO 176,T Tauri star,http://simbad.cds.unistra.fr/simbad/sim-id?Ident=Haro+5-91,85.10064481,-0.522614616,2016,2005AJ....129..935C,MW,Ori OB1b,306.8143466,2.95584036,M3,2005AJ....129..935C,,,3470,2005AJ....129..935C,-0.15,2005AJ....129..935C,0.35,2005AJ....129..935C,,,,,,,,,2.32,2005AJ....129..935C,-8.37,2005AJ....129..935C,0,2005AJ....129..935C,1.06,2005AJ....129..935C,,,,,16.51,2005AJ....129..935C,,,15.65,none,,,Gaia DR3 3219230167633274752,3.2593,0.0314,none,none,TRUE,FALSE,FALSE,FALSE,,,14.9407177,16.1716156,13.80086708
CVSO 58,CVSO 58,T Tauri star,http://simbad.cds.unistra.fr/simbad/sim-id?Ident=Kiso+A-0903+176,82.34693259,-1.420963234,2016,2005AJ....129..935C,MW,Ori OB1b,354.2456339,2.898818287,K7,2005AJ....129..935C,,,4060,2005AJ....129..935C,-0.21,2005AJ....129..935C,0.78,2005AJ....129..935C,,,,,,,,,1.58,2005AJ....129..935C,-8.35,2005AJ....129..935C,0.039,2005AJ....129..935C,4.02,2005AJ....129..935C,,,,,15.52,2005AJ....129..935C,,,14.93,none,,,Gaia DR3 3220241585188156032,2.8229,0.0231,none,none,TRUE,FALSE,FALSE,FALSE,24.1,2020AJ....160..120J,14.29393101,15.0781889,13.38240814
CVSO 17,CVSO 17 ,T Tauri star,http://simbad.cds.unistra.fr/simbad/sim-id?Ident=CVSO+17,80.76958275,1.620812705,2016,2005AJ....129..935C,MW,Ori OB1a,422.6899992,9.487208959,M3,2005AJ....129..935C,,,3470,2005AJ....129..935C,-0.72,2005AJ....129..935C,0.33,2005AJ....129..935C,,,,,,,,,1.2,2005AJ....129..935C,-9.22,2005AJ....129..935C,0,2005AJ....129..935C,3.63,2005AJ....129..935C,,,,,,,,,16.16,none,,,Gaia DR3 3222180814461726976,2.3658,0.0531,none,none,TRUE,FALSE,FALSE,FALSE,27,2020AJ....160..120J,15.1692152,16.39216805,14.05661678
Sz 75,GQ Lup,T Tauri star,http://simbad.cds.unistra.fr/simbad/sim-id?Ident=CD-35+10525,237.3003618,-35.65150872,2016,2017A&A...600A..20A ,MW,Lupus I,154.0998259,0.686281258,K6,2017A&A...600A..20A,,,4205,2017A&A...600A..20A ,0.16,2017A&A...600A..20A ,0.86,2017A&A...600A..20A,,,,,,,,,2.26,2017A&A...600A..20A,-7.67,2017A&A...600A..20A,0.226,2017A&A...600A..20A,,,,,,,12.19,2005AJ....129..935C,,,11.4,none,,,Gaia DR3 6011522757643074304,6.4893,0.0289,none,none,TRUE,FALSE,FALSE,FALSE,-3.6,2017A&A...602A..33F,11.24299431,12.05592728,10.31329823
Sz 77,Sz 77,T Tauri star,http://simbad.cds.unistra.fr/simbad/sim-id?Ident=Sz+77,237.9455898,-35.94569433,2016,2017A&A...600A..20A ,MW,Lupus I,155.2529847,0.433862807,K7,2017A&A...600A..20A,,,4060,2017A&A...600A..20A ,-0.26,2017A&A...600A..20A ,0.75,2017A&A...600A..20A,,,,,,,,,1.5,2017A&A...600A..20A,-8.79,2017A&A...600A..20A,0,2017A&A...600A..20A,,,,,,,,,,,13.26,none,,,Gaia DR3 6011392186336443392,6.4411,0.018,none,none,TRUE,FALSE,FALSE,FALSE,2.4,2017A&A...602A..33F,11.88174057,12.72149563,10.92540932
Sz 72,HM Lup,T Tauri star,http://simbad.cds.unistra.fr/simbad/sim-id?Ident=V*+HM+Lup,236.9608766,-35.47660422,2016,2017A&A...600A..20A ,MW,Lupus I,156.7127925,0.451883748,M2,2014A&A...561A...2A,,,3560,2017A&A...600A..20A ,-0.6,2017A&A...600A..20A ,0.37,2014A&A...561A...2A,,,,,,,,,1.29,2017A&A...600A..20A,-8.65,2014A&A...561A...2A,0.242,2014A&A...561A...2A,,,,,,,,,,,14.79,none,,,Gaia DR3 6011573266459331072,6.3811,0.0184,none,none,TRUE,FALSE,FALSE,FALSE,6.9,2017A&A...602A..33F,13.49757767,14.76075268,12.34747314
Sz 69,HW Lup,T Tauri star,http://simbad.cds.unistra.fr/simbad/sim-id?Ident=V*+HW+Lup,236.3224689,-34.3079577,2016,2017A&A...600A..20A ,MW,Lupus I,152.5599561,1.603615819,M4.5,2014A&A...561A...2A,,,3197,2017A&A...600A..20A ,-1.06,2017A&A...600A..20A ,0.2,2014A&A...561A...2A,,,,,,,,,0.97,2017A&A...600A..20A,-9.51,2014A&A...561A...2A,0,2014A&A...561A...2A,,,,,,,,,,,16.25,none,,,Gaia DR3 6014696635395955200,6.5548,0.0689,none,none,TRUE,FALSE,FALSE,FALSE,5.4,2017A&A...602A..33F,14.87979794,16.43581963,13.57184219
Sz 76,Sz 76,T Tauri star,http://simbad.cds.unistra.fr/simbad/sim-id?Ident=Sz+76,237.3779944,-35.83105348,2016,2017A&A...600A..20A ,MW,Lupus I,156.401514,0.562612972,M4,2017A&A...600A..20A,,,3270,2017A&A...600A..20A ,-0.8,2017A&A...600A..20A ,0.23,2017A&A...600A..20A,,,,,,,,,1.24,2017A&A...600A..20A,-9.26,2017A&A...600A..20A,0.065,2017A&A...600A..20A,,,,,,,,,,,15.18,none,,,Gaia DR3 6011500389453302272,6.3938,0.023,none,none,TRUE,FALSE,FALSE,FALSE,1.4,2017A&A...602A..33F,13.87110043,15.28743076,12.66749573
Sz 71,GW Lup,T Tauri star,http://simbad.cds.unistra.fr/simbad/sim-id?Ident=V*+GW+Lup,236.6862963,-34.51001418,2016,2017A&A...600A..20A ,MW,Lupus I,155.2023839,0.414309815,M1.5,2014A&A...561A...2A,,,3632,2017A&A...600A..20A ,-0.51,2017A&A...600A..20A ,0.42,2014A&A...561A...2A,,,,,,,,,1.43,2017A&A...600A..20A,-9.06,2014A&A...561A...2A,0.161,2014A&A...561A...2A,,,,,,,,,,,13.54,none,,,Gaia DR3 6014722194741392512,6.4432,0.0172,none,none,TRUE,FALSE,FALSE,FALSE,-3.3,2017A&A...602A..33F,13.09702396,14.33995628,11.96451569
Sz 66,Sz 66,T Tauri star,http://simbad.cds.unistra.fr/simbad/sim-id?Ident=Sz+66,234.8677744,-34.77178662,2016,2017A&A...600A..20A ,MW,Lupus I,155.9235351,0.653996803,M3,2014A&A...561A...2A,,,3415,2017A&A...600A..20A ,-0.7,2017A&A...600A..20A ,0.29,2014A&A...561A...2A,3.68,derived,,,,,,,1.29,2017A&A...600A..20A,-8.54,2014A&A...561A...2A,0.323,2014A&A...561A...2A,,,,,,,,,,,15,none,,,Gaia DR3 6013399830146943104,6.4134,0.0269,none,none,TRUE,FALSE,FALSE,FALSE,2.4,2017A&A...602A..33F,13.89215469,15.69872379,12.60728073
Hn 5,GX Cha,T Tauri star,http://simbad.cds.unistra.fr/simbad/sim-id?Ident=Hn+5,166.6737219,-76.59696539,2016,2017A&A...604A.127M,MW,Cha I,194.6888872,0.943803693,M5,2017A&A...604A.127M,,,3125,2017A&A...604A.127M,-1.3,2017A&A...604A.127M,0.16,2017A&A...604A.127M,3.87,derived,,,,,,,0.77,derived,-9.28,2017A&A...604A.127M,0,2017A&A...604A.127M,6.3,2008hsf2.book..169L,-0.08,2014A&A...568A...2S,,,,,,,,,,,Gaia DR3 5201347064956072448,5.1364,0.0249,none,none,TRUE,FALSE,FALSE,FALSE,15,2017A&A...601A..97S,15.12690544,16.84237099,13.83168221
Sz 111,Sz 111,T Tauri star,http://simbad.cds.unistra.fr/simbad/sim-id?Ident=THA+15-33,242.2277981,-39.62875218,2016,2017A&A...600A..20A ,MW,Lupus III,158.3656663,0.514133528,M1,2014A&A...561A...2A,,,3705,2017A&A...600A..20A ,-0.48,2017A&A...600A..20A ,0.47,2014A&A...561A...2A,,,,,,,,,1.4,2017A&A...600A..20A,-9.12,2014A&A...561A...2A,0,2014A&A...561A...2A,,,,,,,,,,,13.98,none,,,Gaia DR3 5997006897751436544,6.3145,0.0205,none,none,TRUE,FALSE,FALSE,FALSE,-1.2,2017A&A...602A..33F,13.30550766,14.37078094,12.23783207
Sz 130,Sz 130,T Tauri star,http://simbad.cds.unistra.fr/simbad/sim-id?Ident=Sz+130,240.1292582,-41.72704498,2016,2017A&A...600A..20A ,MW,Lupus IV,159.1799051,0.509298668,M2,2014A&A...561A...2A,,,3560,2017A&A...600A..20A ,-0.8,2017A&A...600A..20A ,0.41,2014A&A...561A...2A,,,,,,,,,1.03,2017A&A...600A..20A,-9.19,2014A&A...561A...2A,0,2014A&A...561A...2A,,,,,,,,,,,14.71,none,,,Gaia DR3 5995197552601942528,6.2822,0.0201,none,none,TRUE,FALSE,FALSE,FALSE,3.6,2017A&A...602A..33F,13.65358734,14.86996174,12.52722931
IN Cha,IN Cha,T Tauri star,http://simbad.cds.unistra.fr/simbad/sim-id?Ident=Sz+40,168.0405488,-76.57680796,2016,2017A&A...604A.127M,MW,Cha I,192.5595009,0.812033634,M5,2017A&A...604A.127M,,,3125,2017A&A...604A.127M,-0.85,2017A&A...604A.127M,0.17,2017A&A...604A.127M,3.44,derived,,,,,,,1.29,derived,-9.34,2017A&A...604A.127M,0.032,2017A&A...604A.127M,6.3,2008hsf2.book..169L,-0.08,2014A&A...568A...2S,,,,,,,,,,,Gaia DR3 5201303874764724352,5.1932,0.0219,none,none,TRUE,FALSE,FALSE,FALSE,15.2,2017A&A...601A..97S,14.4095974,16.38767433,13.08093834
SSTc2d J160000.6-422158,SSTc2d J160000.6-422158,T Tauri star,http://simbad.cds.unistra.fr/simbad/sim-id?Ident=2MASS+J16000060-4221567,240.0024395,-42.36588903,2016,2017A&A...600A..20A ,MW,Lupus IV,159.4336915,0.805785533,M4.5,2017A&A...600A..20A,,,3200,2017A&A...600A..20A ,-1.06,2017A&A...600A..20A ,0.2,2017A&A...600A..20A,,,,,,,,,0.96,2017A&A...600A..20A,-9.81,2017A&A...600A..20A,0,2017A&A...600A..20A,,,,,,,,,,,15.85,none,,,Gaia DR3 5995139690801717120,6.2722,0.0317,none,none,TRUE,FALSE,FALSE,FALSE,2.5,2017A&A...602A..33F,14.92916775,16.70979691,13.65609169
WZ Cha,WZ Cha,T Tauri star,http://simbad.cds.unistra.fr/simbad/sim-id?Ident=V*+WZ+Cha,167.7217561,-76.57557529,2016,2017A&A...604A.127M,MW,Cha I,193.2255135,0.616045635,M3,2017A&A...604A.127M,,,3415,2017A&A...604A.127M,-0.8,2017A&A...604A.127M,0.3,2017A&A...604A.127M,3.79,derived,,,,,,,1.14,derived,-7.96,2017A&A...604A.127M,0.387,2017A&A...604A.127M,6.3,2008hsf2.book..169L,-0.08,2014A&A...568A...2S,,,,,,,15.48,none,,,Gaia DR3 5201303325008889856,5.1753,0.0165,none,none,TRUE,FALSE,FALSE,FALSE,49.8,2017A&A...601A..97S,14.26666737,15.42306423,13.13186646
SSTc2d J161344.1-373646,SSTc2d J161344.1-373646,T Tauri star,http://simbad.cds.unistra.fr/simbad/sim-id?Ident=2MASS+J16134410-3736462,243.4336777,-37.61295412,2016,2017A&A...600A..20A ,MW,Lupus III,158.5489599,1.304650403,M5,2017A&A...600A..20A,,,3125,2017A&A...600A..20A ,-1.16,2017A&A...600A..20A ,0.16,2017A&A...600A..20A,,,,,,,,,0.9,2017A&A...600A..20A,-8.94,2017A&A...600A..20A,0.194,2017A&A...600A..20A,,,,,,,,,,,17.32,none,,,Gaia DR3 5997644343928854656,6.3072,0.0519,none,none,TRUE,FALSE,FALSE,FALSE,-1.2,2017A&A...602A..33F,15.95774937,17.46288872,14.71742535
VZ Cha,VZ Cha,T Tauri star,http://simbad.cds.unistra.fr/simbad/sim-id?Ident=V*+VZ+Cha,167.34865,-76.38912858,2016,2017A&A...604A.127M,MW,Cha I,191.1241925,0.562538237,M0.5,2017A&A...604A.127M,,,3780,2017A&A...604A.127M,-0.26,2017A&A...604A.127M,0.49,2017A&A...604A.127M,3.64,derived,,,,,,,1.73,derived,-7.33,2017A&A...604A.127M,0.387,2017A&A...604A.127M,6.3,2008hsf2.book..169L,-0.08,2014A&A...568A...2S,,,,,,,12.94,none,,,Gaia DR3 5201353936903777152,5.2322,0.0154,none,none,TRUE,FALSE,FALSE,FALSE,38.2,1996A&A...308..107D,12.61154175,13.39409637,11.63926125
SSTc2d J161243.8-381503,SSTc2d J161243.8-381503,T Tauri star,http://simbad.cds.unistra.fr/simbad/sim-id?Ident=2MASS+J16124373-3815031,243.1822433,-38.25095395,2016,2017A&A...600A..20A ,MW,Lupus III,159.8491024,0.454820893,M1,2017A&A...600A..20A,,,3705,2017A&A...600A..20A ,-0.21,2017A&A...600A..20A ,0.44,2017A&A...600A..20A,,,,,,,,,1.91,2017A&A...600A..20A,-8.76,2017A&A...600A..20A,0.258,2017A&A...600A..20A,,,,,,,,,,,13.44,none,,,Gaia DR3 5997549820286701440,6.2559,0.0178,none,none,TRUE,FALSE,FALSE,FALSE,-2.3,2017A&A...602A..33F,13.1327076,14.28027248,12.05741501
RECX 5,EK Cha,T Tauri star,http://simbad.cds.unistra.fr/simbad/sim-id?Ident=V*+EK+Cha,130.6122009,-78.96318907,2016,2018A&A...609A..70R,MW,eta Cha,98.50081756,0.133893273,M4.5,2018A&A...609A..70R,,,3085,2018A&A...609A..70R,-1.17,2018A&A...609A..70R,0.15,2018A&A...609A..70R,3.69,derived,,,,,,,0.91,derived,-9.89,2018A&A...609A..70R,0,2018A&A...609A..70R,,,,,,,,,,,15.2,none,,,Gaia DR3 5209037736474704512,10.1522,0.0138,none,none,TRUE,FALSE,FALSE,FALSE,18.2,2019AJ....157..234S,13.72201443,15.35207844,12.48805046
RECX 9,EN Cha,T Tauri star,http://simbad.cds.unistra.fr/simbad/sim-id?Ident=V*+EN+Cha,131.0676563,-78.98545148,2016,2018A&A...609A..70R,MW,eta Cha,none,none,M4.5,2018A&A...609A..70R,,,3085,2018A&A...609A..70R,-1.02,2018A&A...609A..70R,0.15,2018A&A...609A..70R,3.54,derived,,,,,,,1.08,derived,-9.92,2018A&A...609A..70R,0,2018A&A...609A..70R,,,,,,,,,,,15,none,,,Gaia DR3 5209025366968905856,         ,       ,none,none,TRUE,FALSE,FALSE,FALSE,18.5,2019AJ....157..234S,13.7843399,15.28207779,12.15376568
ECHA J0844.2-7833,RECX 16,T Tauri star,http://simbad.cds.unistra.fr/simbad/sim-id?Ident=2MASS+J08440915-7833457,131.0374963,-78.56259838,2016,2018A&A...609A..70R,MW,eta Cha,99.56093627,0.389556535,M6.0,2018A&A...609A..70R,,,2860,2018A&A...609A..70R,-2.11,2018A&A...609A..70R,0.052,2018A&A...609A..70R,4.03,derived,,,,,,,0.36,derived,-10.18,2018A&A...609A..70R,0,2018A&A...609A..70R,,,,,,,,,,,18.4,none,,,Gaia DR3 5209140815689766144,10.0441,0.0393,none,none,TRUE,FALSE,FALSE,FALSE,17.8,2019AJ....157..234S,16.21525002,18.16502762,14.84399796
2MASS J11432669-7804454,[FLG2003] eps Cha 17,T Tauri star,http://simbad.cds.unistra.fr/simbad/sim-id?Ident=[FLG2003]+eps+Cha+17,175.8602743,-78.07932585,2016,2017A&A...604A.127M,MW,Cha I,153.435419,9.671229346,M5.5,2017A&A...604A.127M,,,3060,2017A&A...604A.127M,-1.05,2017A&A...604A.127M,0.14,2017A&A...604A.127M,3.52,derived,,,,,,,1.07,derived,-8.71,2017A&A...604A.127M,0.129,2017A&A...604A.127M,6.3,2008hsf2.book..169L,-0.08,2014A&A...568A...2S,,,,,,,,,,,Gaia DR3 5200220890172379264,6.5174,0.4108,none,none,TRUE,FALSE,FALSE,FALSE,15.6,2017AJ....153...95R,14.90070343,16.61576653,13.55613232
CHX 18N,CHX 18N,T Tauri star,http://simbad.cds.unistra.fr/simbad/sim-id?Ident=CHX+18N,167.9426591,-76.33582009,2016,2017A&A...604A.127M,MW,Cha I,191.6149306,0.378177701,K2,2017A&A...604A.127M,,,4900,2017A&A...604A.127M,0.01,2017A&A...604A.127M,1.25,2017A&A...604A.127M,4.23,derived,,,,,,,1.41,derived,-8.09,2017A&A...604A.127M,0.258,2017A&A...604A.127M,6.3,2008hsf2.book..169L,-0.08,2014A&A...568A...2S,,,,,,,11.96,none,,,Gaia DR3 5225327134382282880,5.2188,0.0103,none,none,TRUE,FALSE,FALSE,FALSE,16.4,2017A&A...601A..97S,11.54046822,12.34989834,10.61864567
Sz 45,Sz 45,T Tauri star,http://simbad.cds.unistra.fr/simbad/sim-id?Ident=Ass+Cha+T+1-32,169.4036279,-77.07726223,2016,2017A&A...604A.127M,MW,Cha I,188.8752479,0.527973117,M0.5,2017A&A...604A.127M,,,3780,2017A&A...604A.127M,-0.38,2017A&A...604A.127M,0.51,2017A&A...604A.127M,3.78,derived,,,,,,,1.51,derived,-8.09,2017A&A...604A.127M,0.226,2017A&A...604A.127M,6.3,2008hsf2.book..169L,-0.08,2014A&A...568A...2S,,,,,,,13.5,none,,,Gaia DR3 5201272195086070144,5.2945,0.0148,none,none,TRUE,FALSE,FALSE,FALSE,14.9,2012ApJ...745..119N,13.0424757,14.01743412,12.0229187
Sz 10,Sz 10 ,T Tauri star,http://simbad.cds.unistra.fr/simbad/sim-id?Ident=Ass+Cha+T+1-8,165.7287898,-77.36410659,2016,2017A&A...604A.127M,MW,Cha I,184.2027704,1.330081897,M4.5,2017A&A...604A.127M,,,3200,2017A&A...604A.127M,-0.82,2017A&A...604A.127M,0.19,2017A&A...604A.127M,3.5,derived,,,,,,,1.27,derived,-8.7,2017A&A...604A.127M,0.258,2017A&A...604A.127M,6.3,2008hsf2.book..169L,-0.08,2014A&A...568A...2S,,,,,,,16.25,none,,,Gaia DR3 5201206052588955264,5.4288,0.0392,none,none,TRUE,FALSE,FALSE,FALSE,15,2017A&A...601A..97S,14.7886219,16.36036491,13.54447842
XX Cha,XX Cha,T Tauri star,http://simbad.cds.unistra.fr/simbad/sim-id?Ident=V*+XX+Cha,167.9148933,-76.33751006,2016,2017A&A...604A.127M,MW,Cha I,192.0860546,0.796976331,M3.5,2017A&A...604A.127M,,,3340,2017A&A...604A.127M,-0.54,2017A&A...604A.127M,0.25,2017A&A...604A.127M,3.42,derived,,,,,,,1.61,derived,-7.41,2017A&A...604A.127M,0.323,2017A&A...604A.127M,6.3,2008hsf2.book..169L,-0.08,2014A&A...568A...2S,,,,,,,15.28,none,,,Gaia DR3 5225374074083637376,5.206,0.0216,none,none,TRUE,FALSE,FALSE,FALSE,16.2,2017A&A...601A..97S,13.73698807,14.92078876,12.60251617
SY Cha,SY Cha,T Tauri star,http://simbad.cds.unistra.fr/simbad/sim-id?Ident=V*+SY+Cha,164.126142,-77.19426587,2016,2017A&A...604A.127M,MW,Cha I,180.7337791,0.388709917,K7,2017A&A...604A.127M,,,4060,2017A&A...604A.127M,-0.37,2017A&A...604A.127M,0.78,2017A&A...604A.127M,4.08,derived,,,,,,,1.32,derived,-9.41,2017A&A...604A.127M,0.161,2017A&A...604A.127M,6.3,2008hsf2.book..169L,-0.08,2014A&A...568A...2S,,,,,,,13.8,none,,,Gaia DR3 5201388292344009984,5.533,0.0119,none,none,TRUE,FALSE,FALSE,FALSE,15.7,2017A&A...601A..97S,12.5375576,13.5082407,11.54949093
Sz 19,DI Cha,T Tauri star,http://simbad.cds.unistra.fr/simbad/sim-id?Ident=V*+DI+Cha,166.8358969,-77.63535796,2016,2017A&A...604A.127M,MW,Cha I,188.9894733,0.475036379,K0,2017A&A...604A.127M,,,5110,2017A&A...604A.127M,0.71,2017A&A...604A.127M,2.08,2017A&A...604A.127M,3.82,derived,,,,,,,2.9,derived,-7.63,2017A&A...604A.127M,0.484,2017A&A...604A.127M,6.3,2008hsf2.book..169L,-0.08,2014A&A...568A...2S,,,,,,,10.93,none,,,Gaia DR3 5201129121134048768,5.2913,0.0133,none,none,TRUE,FALSE,FALSE,FALSE,14.9,2017A&A...601A..97S,10.21033192,11.01076698,9.313051224
HD 104237E,[FLG2003] eps Cha 7,T Tauri star,http://simbad.cds.unistra.fr/simbad/sim-id?Ident=%5BFLG2003%5D+eps+Cha+7,180.0378731,-78.19510764,2016,2013A&A...549A..15F,MW,eps Cha,100.1983928,0.323278917,K5.5,2013A&A...549A..15F,,,4278,2013A&A...549A..15F,-0.04,2013A&A...549A..15F,0.9,2013A&A...549A..15F,3.9,derived,,,,,,,1.74,derived,-9.07,2013A&A...549A..15F,0.323,2013A&A...549A..15F,,,,,,,,,,,12.08,none,,,Gaia DR3 5836666564480769280,9.9802,0.0322,none,none,TRUE,FALSE,FALSE,FALSE,13.4,2017AJ....153...95R,12.05540943,12.88254166,10.88403893
Sz 110,V1193 Sco,T Tauri star,http://simbad.cds.unistra.fr/simbad/sim-id?Ident=V*+V1193+Sco,242.2148179,-39.05502222,2016,2017A&A...600A..20A ,MW,Lupus III,157.4902356,0.590315549,M4,2014A&A...561A...2A,,,3270,2017A&A...600A..20A ,-0.56,2017A&A...600A..20A ,0.22,2014A&A...561A...2A,,,,,,,,,1.61,2017A&A...600A..20A,-8.53,2014A&A...561A...2A,0,2014A&A...561A...2A,,,,,,,,,,,14.58,none,,,Gaia DR3 5997082390415552768,6.3496,0.0238,none,none,TRUE,FALSE,FALSE,FALSE,2.6,2017A&A...602A..33F,13.73846722,14.91731167,12.62401485
RXJ1842.9-3532,WRAY 15-1880,T Tauri star,http://simbad.cds.unistra.fr/simbad/sim-id?Ident=WRAY+15-1880,280.7415961,-35.54534957,2016,2014A&A...568A..18M,MW,CrA,151.0300248,0.410581231,K2,2014A&A...568A..18M,,,4900,2014A&A...568A..18M,-0.25,2014A&A...568A..18M,0.93,2014A&A...568A..18M,4.37,derived,,,,,,,1.03,2014A&A...568A..18M,-8.8,2014A&A...568A..18M,0.129,2014A&A...568A..18M,,,,,,,,,,,11.77,none,,,Gaia DR3 6733646363730649856,6.6212,0.018,none,none,TRUE,FALSE,FALSE,FALSE,-6,2018ApJ...856...23G,11.72025299,12.41178703,10.88300228
Sz 84,Sz 84,T Tauri star,http://simbad.cds.unistra.fr/simbad/sim-id?Ident=Sz+84,239.510431,-37.60086067,2016,2017A&A...600A..20A ,MW,Lupus I,155.5790653,1.081956596,M5,2014A&A...561A...2A,,,3125,2017A&A...600A..20A ,-0.91,2017A&A...600A..20A ,0.16,2014A&A...561A...2A,,,,,,,,,1.21,2017A&A...600A..20A,-9.21,2014A&A...561A...2A,0,2014A&A...561A...2A,,,,,,,,,,,16.16,none,,,Gaia DR3 6010216537834709760,6.4276,0.0447,none,none,TRUE,FALSE,FALSE,FALSE,-3.1,2017A&A...602A..33F,14.4000597,16.30613327,13.06989098
RX J1556.1-3655,WRAY 15-1384,T Tauri star,http://simbad.cds.unistra.fr/simbad/sim-id?Ident=WRAY+15-1384,239.0086817,-36.92462072,2016,2017A&A...600A..20A ,MW,Lupus II,157.955425,0.573848074,M1,2017A&A...600A..20A,,,3705,2017A&A...600A..20A ,-0.63,2017A&A...600A..20A ,0.5,2017A&A...600A..20A,,,,,,,,,1.17,2017A&A...600A..20A,-7.92,2017A&A...600A..20A,0.323,2017A&A...600A..20A,,,,,,,14.91,none,,,13.85,none,,,Gaia DR3 6010483616079976448,6.3309,0.023,none,none,TRUE,FALSE,FALSE,FALSE,2.6,2017A&A...602A..33F,12.84970284,13.76230049,11.88136005
Sz 82,IM Lup,T Tauri star,http://simbad.cds.unistra.fr/simbad/sim-id?Ident=THA+15-12,239.0382932,-37.93514048,2016,2017A&A...600A..20A ,MW,Lupus II,155.823919,0.534184062,K5,2017A&A...600A..20A,,,4350,2017A&A...600A..20A ,0.37,2017A&A...600A..20A ,0.95,2017A&A...600A..20A,,,,,,,,,2.69,2017A&A...600A..20A,-8.04,2017A&A...600A..20A,0.29,2017A&A...600A..20A,,,,,,,,,,,11.93,none,,,Gaia DR3 6010135758090335232,6.4175,0.022,none,none,TRUE,FALSE,FALSE,FALSE,-0.5,2017A&A...602A..33F,11.18608093,12.01396751,10.23944187
Sz 114,V908 Sco,T Tauri star,http://simbad.cds.unistra.fr/simbad/sim-id?Ident=THA+15-35,242.2576482,-39.08688869,2016,2017A&A...600A..20A ,MW,Lupus III,156.7594683,0.567648564,M4.8,2014A&A...561A...2A,,,3175,2017A&A...600A..20A ,-0.51,2017A&A...600A..20A ,0.21,2014A&A...561A...2A,,,,,,,,,1.82,2017A&A...600A..20A,-8.96,2014A&A...561A...2A,0.097,2014A&A...561A...2A,,,,,,,,,,,14.12,none,,,Gaia DR3 5997410491550194816,6.3792,0.0231,none,none,TRUE,FALSE,FALSE,FALSE,4,2017A&A...602A..33F,13.64161968,15.26147366,12.41427326
Sz 99,Sz 99,T Tauri star,http://simbad.cds.unistra.fr/simbad/sim-id?Ident=THA+15-25,242.1001237,-39.09717,2016,2017A&A...600A..20A ,MW,Lupus III,158.290463,1.074896852,M4,2014A&A...561A...2A,,,3270,2017A&A...600A..20A ,-1.13,2017A&A...600A..20A ,0.23,2014A&A...561A...2A,,,,,,,,,0.89,2017A&A...600A..20A,-9.41,2014A&A...561A...2A,0,2014A&A...561A...2A,,,,,,,,,,,16,none,,,Gaia DR3 5997082768372892160,6.3175,0.0429,none,none,TRUE,FALSE,FALSE,FALSE,3.2,2017A&A...602A..33F,15.22273922,16.99620438,13.95843792
Sz 117,Sz 117,T Tauri star,http://simbad.cds.unistra.fr/simbad/sim-id?Ident=THA+15-37,242.4347895,-39.22515516,2016,2017A&A...600A..20A ,MW,Lupus III,156.9489131,0.487732634,M3.5,2017A&A...600A..20A,,,3340,2017A&A...600A..20A ,-0.35,2017A&A...600A..20A ,0.26,2017A&A...600A..20A,,,,,,,,,2,2017A&A...600A..20A,-8.61,2017A&A...600A..20A,0.161,2017A&A...600A..20A,,,,,,,,,,,14.59,none,,,Gaia DR3 5997393311680941696,6.3715,0.0198,none,none,TRUE,FALSE,FALSE,FALSE,-1.4,2017A&A...602A..33F,13.73702145,15.03924274,12.59213543
Sz 97,Sz 97,T Tauri star,http://simbad.cds.unistra.fr/simbad/sim-id?Ident=THA+15-24,242.0907974,-39.07274328,2016,2017A&A...600A..20A ,MW,Lupus III,157.3415571,0.648616778,M4,2014A&A...561A...2A,,,3270,2017A&A...600A..20A ,-0.77,2017A&A...600A..20A ,0.23,2014A&A...561A...2A,,,,,,,,,1.34,2017A&A...600A..20A,-9.53,2014A&A...561A...2A,0,2014A&A...561A...2A,,,,,,,,,,,14.61,none,,,Gaia DR3 5997082871452217344,6.3556,0.0262,none,none,TRUE,FALSE,FALSE,FALSE,2.4,2017A&A...602A..33F,14.27161598,15.82879829,13.04602909
Sz 100,Sz 100,T Tauri star,http://simbad.cds.unistra.fr/simbad/sim-id?Ident=THA+15-26,242.1072886,-39.10044489,2016,2017A&A...600A..20A ,MW,Lupus III,141.039745,2.615825572,M5.5,2014A&A...561A...2A,,,3057,2017A&A...600A..20A ,-0.77,2017A&A...600A..20A ,0.16,2014A&A...561A...2A,,,,,,,,,1.43,2017A&A...600A..20A,-9.44,2014A&A...561A...2A,0,2014A&A...561A...2A,,,,,,,,,,,15.43,none,,,Gaia DR3 5997082046818385408,7.0902,0.1315,none,none,TRUE,FALSE,FALSE,FALSE,2.7,2017A&A...602A..33F,14.80958176,16.6587944,13.46736336
Sz 98,V1279 Sco,T Tauri star,http://simbad.cds.unistra.fr/simbad/sim-id?Ident=V*+V1279+Sco,242.0936679,-39.07967209,2016,2017A&A...600A..20A ,MW,Lupus III,156.2744179,0.569025463,K7,2017A&A...600A..20A,,,4060,2017A&A...600A..20A ,0.4,2017A&A...600A..20A ,0.7,2017A&A...600A..20A,,,,,,,,,3.2,2017A&A...600A..20A,-7.23,2017A&A...600A..20A,0.323,2017A&A...600A..20A,,,,,,,,,,,13.66,none,,,Gaia DR3 5997082867132347136,6.399,0.0233,none,none,TRUE,FALSE,FALSE,FALSE,-1.4,2017A&A...602A..33F,12.23120499,13.08665657,11.20956326
RX J1852.3-3700,RX J1852.3-3700,T Tauri star,http://simbad.cds.unistra.fr/simbad/sim-id?Ident=IRAS+18489-3703,283.0721053,-37.00344503,2016,2014A&A...568A..18M,MW,CrA,147.0891066,0.536553091,K2,2014A&A...568A..18M,,,4900,2014A&A...568A..18M,-0.11,2014A&A...568A..18M,1.04,2014A&A...568A..18M,4.28,derived,,,,,,,1.21,2014A&A...568A..18M,-8.7,2014A&A...568A..18M,0.323,2014A&A...568A..18M,,,,,,,,,,,12.19,none,,,Gaia DR3 6731011315385156224,6.7986,0.0248,none,none,TRUE,FALSE,FALSE,FALSE,-1,2018ApJ...856...23G,11.71556473,12.38287544,10.88881588
Sz 129,Sz 129,T Tauri star,http://simbad.cds.unistra.fr/simbad/sim-id?Ident=WRAY+15-1400,239.8185685,-41.95296394,2016,2017A&A...600A..20A ,MW,Lupus IV,160.1306666,0.4384753,K7,2017A&A...600A..20A,,,4060,2017A&A...600A..20A ,-0.43,2017A&A...600A..20A ,0.79,2017A&A...600A..20A,,,,,,,,,1.23,2017A&A...600A..20A,-8.4,2017A&A...600A..20A,0.29,2017A&A...600A..20A,,,,,,,,,,,12,none,,,Gaia DR3 5995168724780802944,6.2449,0.0171,none,none,TRUE,FALSE,FALSE,FALSE,3.2,2017A&A...602A..33F,12.36567402,13.2784481,11.39131451
Sz 104,Sz 104,T Tauri star,http://simbad.cds.unistra.fr/simbad/sim-id?Ident=THA+15-30,242.1283414,-39.09700787,2016,2017A&A...600A..20A ,MW,Lupus III,159.810784,1.062442646,M5,2014A&A...561A...2A,,,3125,2017A&A...600A..20A ,-0.99,2017A&A...600A..20A ,0.16,2014A&A...561A...2A,,,,,,,,,1.11,2017A&A...600A..20A,-9.75,2014A&A...561A...2A,0,2014A&A...561A...2A,,,,,,,,,,,15.25,none,,,Gaia DR3 5997082149897384320,6.2574,0.0416,none,none,TRUE,FALSE,FALSE,FALSE,2.3,2017A&A...602A..33F,15.10212231,17.05317497,13.7743063
Sz 103,Sz 103,T Tauri star,http://simbad.cds.unistra.fr/simbad/sim-id?Ident=THA+15-29,242.1260672,-39.10320802,2016,2017A&A...600A..20A ,MW,Lupus III,157.1536334,1.029875929,M4,2014A&A...561A...2A,,,3270,2017A&A...600A..20A ,-0.73,2017A&A...600A..20A ,0.22,2014A&A...561A...2A,,,,,,,,,1.41,2017A&A...600A..20A,-8.99,2014A&A...561A...2A,0.226,2014A&A...561A...2A,,,,,,,,,,,11.14,none,,,Gaia DR3 5997082046818384768,6.3632,0.0417,none,none,TRUE,FALSE,FALSE,FALSE,1.4,2017A&A...602A..33F,14.85091686,16.67811394,13.56237316
Sz 115,Sz 115,T Tauri star,http://simbad.cds.unistra.fr/simbad/sim-id?Ident=Sz+115,242.2758263,-39.14784965,2016,2017A&A...600A..20A ,MW,Lupus III,155.8214909,0.922652807,M4.5,2014A&A...561A...2A,,,3197,2017A&A...600A..20A ,-0.76,2017A&A...600A..20A ,0.19,2014A&A...561A...2A,,,,,,,,,1.36,2017A&A...600A..20A,-9.24,2014A&A...561A...2A,0.161,2014A&A...561A...2A,,,,,,,,,,,15.48,none,,,Gaia DR3 5997034252420531712,6.4176,0.038,none,none,TRUE,FALSE,FALSE,FALSE,6.4,2017A&A...602A..33F,14.53835297,16.29414558,13.25988197
RX J0438.6+1546,HD 285957,T Tauri star,http://simbad.cds.unistra.fr/simbad/sim-id?Ident=HD+285957,69.66286169,15.77034849,2016,2017A&A...605A..86M,MW,Taurus,139.8210291,0.346033587,K2,2017A&A...605A..86M,,,4900,2017A&A...605A..86M,-0.024,2017A&A...605A..86M,1.2,2017A&A...605A..86M,,,,,,,,,,,-9.52,2017A&A...605A..86M,0.097,2017A&A...605A..86M,,,,,,,,,,,10.86,none,,,Gaia DR3 3309970392669539200,7.152,0.0177,none,none,TRUE,FALSE,FALSE,FALSE,19,2018ApJ...856...23G,10.5050354,11.04319572,9.807388306
RECX 6,EL Cha,T Tauri star,http://simbad.cds.unistra.fr/simbad/sim-id?Ident=V*+EL+Cha,130.660924,-78.91175125,2016,2018A&A...609A..70R,MW,eta Cha,98.10365632,0.150139507,M3,2018A&A...609A..70R,,,3410,2018A&A...609A..70R,-1,2018A&A...609A..70R,0.3,2018A&A...609A..70R,,,,,,,,,0.93,2018A&A...609A..70R,-10.6,2018A&A...609A..70R,0,2018A&A...609A..70R,,,,,,,,,,,14.1,none,,,Gaia DR3 5209038423669475712,10.1933,0.0156,none,none,TRUE,FALSE,FALSE,FALSE,18.4,2019AJ....157..234S,13.00161648,14.35555744,11.85316849
ECHA J0843.3-7915,ET Cha,T Tauri star,http://simbad.cds.unistra.fr/simbad/sim-id?Ident=V*+ET+Cha,130.8267831,-79.08826836,2016,2018A&A...609A..70R,MW,eta Cha,103.3527637,2.402335415,M4.0,2018A&A...609A..70R,,,3190,2018A&A...609A..70R,-1.14,2018A&A...609A..70R,0.2,2018A&A...609A..70R,,,,,,,,,0.88,2018A&A...609A..70R,-9.12,2018A&A...609A..70R,0,2004ApJ...609..917L,,,,,,,,,,,13.97,none,,,Gaia DR3 5209024366240981632,9.6756,0.2249,none,none,TRUE,FALSE,FALSE,TRUE,,,13.34008026,14.50589561,12.17092228
RECX 1,EG Cha,T Tauri star,http://simbad.cds.unistra.fr/simbad/sim-id?Ident=V*+EG+Cha,129.2335398,-78.94589,2016,2018A&A...609A..70R,MW,eta Cha,98.91294672,0.897171803,K6.0,2018A&A...609A..70R,,,4115,2018A&A...609A..70R,-0.0088,2018A&A...609A..70R,0.75,2018A&A...609A..70R,,,,,,,,,1.9,2018A&A...609A..70R,-9.12,2018A&A...609A..70R,0,2004ApJ...609..917L,,,,,,,,,,,10.457,none,,,Gaia DR3 5209082129256747008,10.1099,0.0917,none,none,TRUE,FALSE,FALSE,TRUE,17.6,2017AJ....153...95R,10.04014397,10.76526928,9.198646545
RECX 11,EP Cha,T Tauri star,http://simbad.cds.unistra.fr/simbad/sim-id?Ident=V*+EP+Cha,131.7561483,-78.99276426,2016,2018A&A...609A..70R,MW,eta Cha,98.81618214,0.10838748,K6.0,2018A&A...609A..70R,,,4115,2018A&A...609A..70R,-0.34,2018A&A...609A..70R,0.83,2018A&A...609A..70R,,,,,,,,,1.3,2018A&A...609A..70R,-9.7,2018A&A...609A..70R,0,2004ApJ...609..917L,,,,,,,,,,,11.1,none,,,Gaia DR3 5209023133585929984,10.1198,0.0111,none,none,TRUE,FALSE,FALSE,TRUE,15.5,2023ApJS..265...12Q,10.67451286,11.38786793,9.851659775
MY Lup,MY Lup,T Tauri star,http://simbad.cds.unistra.fr/simbad/sim-id?Ident=V*+MY+Lup,240.1854313,-41.92536273,2016,2017A&A...600A..20A,MW,Lupus IV,157.158573,0.876808006,K0  ,2017A&A...600A..20A,,,5100,2017A&A...600A..20A,-0.11,2017A&A...600A..20A,1.06,2017A&A...600A..20A,,,,,,,,,,,-9.67,2017A&A...600A..20A,0.419,2017A&A...600A..20A,,,,,,,,,,,12.17,none,,,Gaia DR3 5995177933191206016,6.363,0.0355,none,none,TRUE,FALSE,FALSE,TRUE,4.4,2017A&A...602A..33F,11.11285877,11.7390852,10.28436852
RY Lup,RY Lup,T Tauri star,http://simbad.cds.unistra.fr/simbad/sim-id?Ident=V*+RY+Lup,239.868213,-40.36433478,2016,2017A&A...600A..20A,MW,Lupus IV,153.4848741,1.422879437,K2  ,2017A&A...600A..20A,,,4900,2017A&A...600A..20A,0.22,2017A&A...600A..20A,1.4,2017A&A...600A..20A,,,,,,,,,,,-8.19,2017A&A...600A..20A,0.129,2017A&A...600A..20A,,,,,,,,,,,9.9,none,,,Gaia DR3 5996151172781298304,6.5153,0.0604,none,none,TRUE,FALSE,FALSE,TRUE,1.3,2017A&A...602A..33F,10.99330902,11.50424767,10.11832047
SSTc2d J160830.7-382827,SSTc2d J160830.7-382827,T Tauri star,http://simbad.cds.unistra.fr/simbad/sim-id?Ident=IRAS+16051-3820,242.127858,-38.47423635,2016,2017A&A...600A..20A,MW,Lupus III,153.4212949,0.717911859,K2  ,2017A&A...600A..20A,,,4900,2017A&A...600A..20A,0.48,2017A&A...600A..20A,1.4,2017A&A...600A..20A,,,,,,,,,2.41,2017A&A...600A..20A,-8.96,2017A&A...600A..20A,0.065,2017A&A...600A..20A,8.3,2023A&A...669A.145C,,,,,,,11.89,none,11.15,none,,,Gaia DR3 5997490206145065088,6.518,0.0305,TRUE,2023A&A...669A.145C,TRUE,FALSE,FALSE,TRUE,1.2,2017A&A...602A..33F,10.67956066,11.23868752,9.95361805
Sz 68,HT Lup,T Tauri star,http://simbad.cds.unistra.fr/simbad/sim-id?Ident=CD-33+10685,236.3035392,-34.29194247,2016,2017A&A...600A..20A ,MW,Lupus I,153.4754516,1.290798341,K2  ,2017A&A...600A..20A,,,4900,2017A&A...600A..20A,0.71,2017A&A...600A..20A,1.4,2017A&A...600A..20A,,,,,,,,,3.14,2017A&A...600A..20A,-8.24,2017A&A...600A..20A,0.323,2017A&A...600A..20A,,,,,,,,,,,10.224,none,,,Gaia DR3 6014696841553696768,6.5157,0.0548,none,none,TRUE,FALSE,FALSE,TRUE,-4.3,2017A&A...602A..33F,9.766765594,10.52488804,8.904145241
VW Cha,VW Cha,T Tauri star,http://simbad.cds.unistra.fr/simbad/sim-id?Ident=V*+VW+Cha,167.0058162,-77.70793569,2016,2017A&A...604A.127M,MW,Cha I,188.1573748,10.28462893,K7 ,2017A&A...604A.127M,,,4060,2017A&A...604A.127M,0.21,2017A&A...604A.127M,0.67,2017A&A...604A.127M,,,,,,,,,,,-7.6,2017A&A...604A.127M,0.613,2017A&A...604A.127M,,,,,,,13.91,none,,,12.8,none,,,Gaia DR3 5201126475432043776,5.3147,0.2905,none,none,TRUE,FALSE,FALSE,TRUE,10.7,2017A&A...601A..97S,12.40274811,12.96664238,10.75586224
CS Cha,CS Cha,T Tauri star,http://simbad.cds.unistra.fr/simbad/sim-id?Ident=V*+CS+Cha,165.6032095,-77.55988522,2016,2009ApJ...703.1964F,MW,Cha I,168.7735228,1.922703885,K2 ,2009ApJ...703.1964F,,,4900,2017A&A...604A.127M,0.28,2013ApJ...767..112I,0.9,2013ApJ...767..112I,,,,,,,,,2.7,2013ApJ...767..112I,-8.29,2013ApJ...767..112I,0.258,2017A&A...604A.127M,,,,,,,,,,,11.69,none,,,Gaia DR3 5201179389431267584,5.9251,0.0675,none,none,TRUE,FALSE,FALSE,TRUE,14.3,2017A&A...601A..97S,11.07532406,11.78484821,10.23532677
CV Cha,CV Cha,T Tauri star,http://simbad.cds.unistra.fr/simbad/sim-id?Ident=V*+CV+Cha,168.1150203,-76.73953197,2016,2009ApJ...703.1964F,MW,Cha I,191.7619084,0.522171339,K0 ,2009ApJ...703.1964F,,,5500,2009MNRAS.398..189H,0.89,2009MNRAS.398..189H,1.5,2013ApJ...767..112I,,,,,,,,,2.5,2009MNRAS.398..189H,-7.48,2017A&A...604A.127M,0.323,2009ApJ...703.1964F,,,,,,,,,,,10.98,none,,,Gaia DR3 5201295319189803392,5.2148,0.0142,none,none,TRUE,FALSE,FALSE,TRUE,15.3,2017AJ....153...95R,10.48056316,11.17189598,9.653670311
LkCa 15,EM* LkCa 15,T Tauri star,http://simbad.cds.unistra.fr/simbad/sim-id?Ident=EM*+LkCa+15,69.82418065,22.35086379,2016,2011ApJS..195....3F,MW,Taurus,157.1857464,0.652274274,K5,2011ApJS..195....3F,,,4730,2019ApJ...877L...3C,-0.097,2013ApJ...767..112I,1.1,2013ApJ...767..112I,,,,,,,,,1.6,2013ApJ...767..112I,-8.51,2013ApJ...767..112I,0.355,2013ApJ...767..112I,,,,,,,,,,,12.03,none,,,Gaia DR3 144936836795636864 ,6.3619,0.0264,none,none,TRUE,FALSE,FALSE,TRUE,13,2018ApJ...856...23G,11.59110451,12.3249855,10.68642521
LkCa 19,EM* LkCa 19,T Tauri star,http://simbad.cds.unistra.fr/simbad/sim-id?Ident=HD+282630,73.90406303,30.29853179,2016,1995ApJS..101..117K,MW,Taurus,157.237649,0.519197243,K0,1995ApJS..101..117K,,,5250,1995ApJS..101..117K,0.23,2013ApJ...767..112I,1.3,1995ApJS..101..117K,,,,,,,,,,,,,0,1995ApJS..101..117K,,,,,,,,,,,11.12,none,,,Gaia DR3 156900622818205312 ,6.3598,0.021,none,none,TRUE,FALSE,FALSE,TRUE,14,2018ApJ...856...23G,10.34037304,10.88559055,9.63598156
LkCa 4,EM* LkCa 4,T Tauri star,http://simbad.cds.unistra.fr/simbad/sim-id?Ident=EM*+LkCa+4,64.11714711,28.12647714,2016,1995ApJS..101..117K,MW,Taurus,129.8178655,0.320200886,K7,1995ApJS..101..117K,,,4100,2014MNRAS.444.3220D,-0.05,2014MNRAS.444.3220D,0.79,2014MNRAS.444.3220D,,,,,,,,,,,,,0.22,2014MNRAS.444.3220D,,,,,,,,,,,12.78,none,,,Gaia DR3 164666022471759232 ,7.7031,0.019,none,none,TRUE,FALSE,FALSE,TRUE,17.1,2020AJ....160..120J,12.06544304,13.1441927,10.98338604
AA Tau,AA Tau,T Tauri star,http://simbad.cds.unistra.fr/simbad/sim-id?Ident=V*+AA+Tau,68.73094346,24.48130632,2016,2011ApJS..195....3F,MW,Taurus,134.6710659,1.574230492,K7,2011ApJS..195....3F,,,4060,1995ApJS..101..117K,0,2013ApJ...767..112I,0.8,2013ApJ...767..112I,,,,,,,,,2.1,2013ApJ...767..112I,-7.82,2013ApJ...767..112I,0.613,2011ApJS..195....3F,,,,,,,13.14,none,,,12.2,none,,,Gaia DR3 147818450613367424 ,7.4255,0.0868,none,none,TRUE,FALSE,FALSE,TRUE,17.9,2020AJ....160..120J,14.42294979,15.71962357,13.17599487
DE Tau,DE Tau,T Tauri star,http://simbad.cds.unistra.fr/simbad/sim-id?Ident=V*+DE+Tau,65.48186504,27.91826357,2016,2011ApJS..195....3F,MW,Taurus,128.0213027,0.414653185,M2,2011ApJS..195....3F,,,3580,1995ApJS..101..117K,-0.1,2013ApJ...767..112I,0.4,2013ApJ...767..112I,,,,,,,,,2.4,2013ApJ...767..112I,-7.55,2013ApJ...767..112I,0.29,2011ApJS..195....3F,,,,,,,15.18,none,,,13.8,none,,,Gaia DR3 152511475478780416 ,7.8112,0.0253,none,none,TRUE,FALSE,FALSE,TRUE,15.6,2020AJ....160..120J,11.90545654,13.0669508,10.80557919
DK Tau,V* DK Tau,T Tauri star,http://simbad.cds.unistra.fr/simbad/sim-id?Ident=DK+Tau,67.68436824,26.02344203,2016,2022A&A...667A.124G,MW,Taurus,132.0184298,0.880157723,K5,2022A&A...667A.124G,,,3923,2022A&A...667A.124G,-0.11,2022A&A...667A.124G,0.62,2022A&A...667A.124G,,,,,,,,,1.91,2022A&A...667A.124G,-8.33,2022A&A...667A.124G,0.39,2022A&A...667A.124G,,,,,,,13.32,none,14.59,none,13.05,none,,,Gaia DR3 151106780654065792,7.574671768,0.05053208,FALSE,none,TRUE,FALSE,FALSE,TRUE,16.7,2020AJ....160..120J,12.70485497,13.56385422,11.40624332
DM Tau,DM Tau,T Tauri star,http://simbad.cds.unistra.fr/simbad/sim-id?Ident=V*+DM+Tau,68.45311167,18.16935578,2016,2009ApJ...703.1964F,MW,Taurus,144.0486308,0.450275174,M1,2009ApJ...703.1964F,,,3720,1995ApJS..101..117K,-0.7,2013ApJ...767..112I,0.5,2013ApJ...767..112I,,,,,,,,,1.1,2013ApJ...767..112I,-8.54,2013ApJ...767..112I,0.226,2009ApJ...703.1964F,,,,,,,14.3,none,,,14,none,,,Gaia DR3 3314282402395528192,6.9421,0.0217,none,none,TRUE,FALSE,FALSE,TRUE,11,2018ApJ...856...23G,13.09575462,14.07335854,12.04468441
DN Tau,DN Tau,T Tauri star,http://simbad.cds.unistra.fr/simbad/sim-id?Ident=V*+DN+Tau,68.86410295,24.24960459,2016,2011ApJS..195....3F,MW,Taurus,128.600823,0.365493594,M0,2011ApJS..195....3F,,,3850,1995ApJS..101..117K,0.18,2013ApJ...767..112I,0.6,2013ApJ...767..112I,,,,,,,,,2.8,2013ApJ...767..112I,-8,2013ApJ...767..112I,0.29,2011ApJS..195....3F,,,,,,,13.56,none,,,11.5,none,,,Gaia DR3 147606657186323712 ,7.776,0.0221,none,none,TRUE,FALSE,FALSE,TRUE,17.6,2020AJ....160..120J,11.46060562,12.33783436,10.50522614
DR Tau,DR Tau,T Tauri star,http://simbad.cds.unistra.fr/simbad/sim-id?Ident=V*+DR+Tau,71.77592068,16.97849768,2016,2011ApJS..195....3F,MW,Taurus,192.9645138,1.225041488,K5,2011ApJS..195....3F,,,4060,1995ApJS..101..117K,-0.4,2013ApJ...767..112I,0.9,2013ApJ...767..112I,,,,,,,,,1.1,2013ApJ...767..112I,-7.28,2013ApJ...767..112I,0.452,2011ApJS..195....3F,,,,,,,12.03,none,,,10.5,none,,,Gaia DR3 3406081865148861440,5.1823,0.0329,none,none,TRUE,FALSE,FALSE,TRUE,21.1,2018ApJ...860...43G,11.65140533,12.34704018,10.72555065
RU Lup,RU Lup,T Tauri star,http://simbad.cds.unistra.fr/simbad/sim-id?Ident=V*+RU+Lup,239.1762308,-37.82106815,2016,2022A&A...668A..94S,MW,Lupus II,157.5075997,0.997307488,K7,2022A&A...668A..94S,,,4037,2022A&A...668A..94S,0.11,2022A&A...668A..94S,0.65,2022A&A...668A..94S,,,3.71,2007A&A...461..253S,,,,,1.64,2005AJ....129.2777H,-7.52,2017ApJ...844..169F,0.022,2017ApJ...844..169F,2.5,2005AJ....129.2777H,,,,,,,11.7,2014A&A...568A..18M,11.4,2014A&A...568A..18M,,,Gaia DR3 6010114558131195392,6.3489,0.0402,none,none,TRUE,TRUE,FALSE,TRUE,3.3,2017A&A...602A..33F,10.71024704,11.28913116,9.970541
BP Tau,BP Tau,T Tauri star,http://simbad.cds.unistra.fr/simbad/sim-id?Ident=V*+BP+Tau,64.81602015,29.10736411,2016,2011ApJS..195....3F,MW,Taurus-Auriga,127.3982725,0.587537578,K7,2011ApJS..195....3F,,,4060,1995ApJS..101..117K,0,2013ApJ...767..112I,0.8,2013ApJ...767..112I,,,8.19,2006PASP..118.1390P,,,,,2.1,2013ApJ...767..112I,-7.54,2013ApJ...767..112I,0.35,2011ApJS..195....3F,,,,,,,,,,,12.12,,,,Gaia DR3 164832740220756608 ,7.8494,0.0362,none,none,TRUE,TRUE,FALSE,TRUE,16.2,2018ApJ...856...23G,11.45950222,12.19569588,10.56008434
GM Aur,GM Aur,T Tauri star,http://simbad.cds.unistra.fr/simbad/sim-id?Ident=V*+GM+Aur,73.7957758,30.36638472,2016,2011ApJS..195....3F,MW,Taurus-Auriga,158.1077663,1.224905222,K7,2011ApJS..195....3F,,,4730,1995ApJS..101..117K,0.079,2013ApJ...767..112I,0.8,2013ApJ...767..112I,,,6.1,2010PASP..122..753P,,,,,2.3,2013ApJ...767..112I,-8.02,2013ApJ...767..112I,0.19,2011ApJS..195....3F,,,,,,,,,,,13.1,,,,Gaia DR3 156907907082740480 ,6.3248,0.049,none,none,TRUE,TRUE,FALSE,TRUE,15,2018ApJ...856...23G,11.72710705,12.41005802,10.78907108
TW Hya,TW Hya,T Tauri star,http://simbad.cds.unistra.fr/simbad/sim-id?Ident=V*+TW+Hya,165.4659029,-34.70479323,2016,1999ApJ...512L..63W,MW,TWA,60.13626879,0.054245562,K7,1999ApJ...512L..63W,,,3800,2018ApJ...853..120S,-0.52,2013ApJ...767..112I,0.8,2013ApJ...767..112I,4.2,2018ApJ...853..120S,3.57,2008A&A...489L...9H,,,,,1.1,2013ApJ...767..112I,-8.74,2013ApJ...767..112I,0,1999ApJ...512L..63W,8,2018ApJ...853..120S,,,,,,,,,10.5,,,,Gaia DR3 5401795662560500352,16.6289,0.015,none,none,TRUE,TRUE,FALSE,TRUE,12.4,2018ApJ...856...23G,10.45088673,11.17859364,9.533519745
HN Tau,V* HN Tau,T Tauri star,http://simbad.cds.unistra.fr/simbad/sim-id?Ident=V*+HN+Tau,68.41406647,17.86444597,2016,2011ApJS..195....3F,MW,Taurus,134.4248632,2.488245038,K5,2011ApJS..195....3F,,,4350,1995ApJS..101..117K,-0.15,2013ApJ...767..112I,1.1,2013ApJ...767..112I,,,,,,,,,1.5,2013ApJ...767..112I,-7.85,2013ApJ...767..112I,0.35,2011ApJS..195....3F,,,,,,,,,,,13.4,,,,Gaia DR3 3314237734735803392,7.4391,0.1377,none,none,TRUE,FALSE,FALSE,TRUE,4.6,2012ApJ...745..119N,13.38204193,14.09708118,12.48713684
IP Tau,IP Tau,T Tauri star,http://simbad.cds.unistra.fr/simbad/sim-id?Ident=V*+IP+Tau,66.23788486,27.19892091,2016,2011ApJS..195....3F,MW,Taurus,129.3794959,0.287911728,M0,2011ApJS..195....3F,,,3850,1995ApJS..101..117K,-0.15,2013ApJ...767..112I,0.6,2013ApJ...767..112I,,,,,,,,,1.9,2013ApJ...767..112I,-8.14,2013ApJ...767..112I,0.55,2011ApJS..195....3F,,,,,,,,,,,,,,,Gaia DR3 152226491513195648 ,7.7292,0.0172,none,none,TRUE,FALSE,FALSE,TRUE,17.4,2020AJ....160..120J,12.42338276,13.4298954,11.4066
MP MUS,MP MUS,T Tauri star,http://simbad.cds.unistra.fr/simbad/sim-id?Ident=CPD-68+1894,200.5309359,-69.63681652,2016,2002AJ....124.1670M,MW,Lower Centaurus-Crux,97.89333542,0.119788814,K1,2002AJ....124.1670M,,,5035,2002AJ....124.1670M,-0.046,2013ApJ...767..112I,1.1,2013ApJ...767..112I,,,,,,,,,1.3,2013ApJ...767..112I,-9.89,2013ApJ...767..112I,0.06,2002AJ....124.1670M,,,,,,,,,,,10.39,,,,Gaia DR3 5844296281847839232,10.2152,0.0125,none,none,TRUE,FALSE,FALSE,TRUE,11.6,2017AJ....153...95R,9.972892761,10.54322147,9.234114647
RW Aur,RW Aur,T Tauri star,http://simbad.cds.unistra.fr/simbad/sim-id?Ident=V*+RW+Aur,76.9560812,30.40120459,2016,2011ApJS..195....3F,MW,Taurus,156.0987793,1.074577155,K0,2022A&A...667A.124G,,,4870,2022A&A...667A.124G,0.21,2022A&A...667A.124G,1.5,2022A&A...667A.124G,,,,,,,,,1.8,2022A&A...667A.124G,-6.93,2022A&A...667A.124G,1,2022A&A...667A.124G,,,,,,,,,10.86,none,9.6,none,,,Gaia DR3 156430822114424576 ,6.4062,0.0441,none,none,TRUE,FALSE,FALSE,TRUE,15.9,2018ApJ...856...23G,12.18407154,12.81887341,11.04484272
TWA 3A,TWA 3A,T Tauri star,http://simbad.cds.unistra.fr/simbad/sim-id?Ident=TWA+3A,167.6156531,-37.53105715,2016,1999ApJ...512L..63W,MW,TWA,37.05474097,0.051764129,M3,1999ApJ...512L..63W,,,,,-0.4,2013ApJ...767..112I,0.3,2013ApJ...767..112I,,,,,,,,,1.8,2013ApJ...767..112I,-10.01,2013ApJ...767..112I,0,1999ApJ...512L..63W,,,,,,,,,,,12.57,,,,Gaia DR3 5396978667759696000,26.9871,0.0377,none,none,TRUE,FALSE,FALSE,TRUE,13.1,2017AJ....153...95R,11.22207069,12.71194744,9.802628517
V836 Tau,V836 Tau,T Tauri star,http://simbad.cds.unistra.fr/simbad/sim-id?Ident=V*+V836+Tau,75.77750987,25.38870272,2016,2011ApJS..195....3F,MW,Taurus,166.9950903,0.510338692,K7,2011ApJS..195....3F,,,4060,1995ApJS..101..117K,0,2013ApJ...767..112I,0.8,2013ApJ...767..112I,,,,,,,,,2.1,2013ApJ...767..112I,-8.96,2013ApJ...767..112I,0.48,2011ApJS..195....3F,,,,,,,,,,,13.49,,,,Gaia DR3 3420008412568724736,5.9882,0.0183,none,none,TRUE,FALSE,FALSE,TRUE,18.2,2012ApJ...745..119N,12.64246464,13.71241379,11.60198307
V397 Aur,V397 Aur,T Tauri star,http://simbad.cds.unistra.fr/simbad/sim-id?Ident=V*+V397+Aur,74.00847123,30.35091309,2016,1995ApJS..101..117K,MW,Taurus,165.2182533,2.249278669,K7+M2,1995ApJS..101..117K,,,4060,1995ApJS..101..117K,-0.097,2013ApJ...767..112I,0.8,1995ApJS..101..117K,,,,,,,,,,,,,0,1995ApJS..101..117K,,,,,,,,,,,11.72,,,,Gaia DR3 156902512603777408 ,6.0526,0.0824,none,none,TRUE,FALSE,FALSE,TRUE,15,1988AJ.....96..297W,11.11220837,11.90977383,10.23957157
HD 142527,HD 142527,T Tauri star,http://simbad.cds.unistra.fr/simbad/sim-id?Ident=HD+142527,239.1744688,-42.32324074,2016,2014ApJ...790...21M,MW,Lupus,159.2584925,0.720316795,F6-7III,2014ApJ...790...21M,,,6550,2014ApJ...790...21M,1.21,2014ApJ...790...21M,2,2014ApJ...790...21M,,,,,,,,,,,-6.7,2014ApJ...790...21M,0.25,2014ApJ...790...21M,,,,,,,,,,,8.34,,,,Gaia DR3 5994826707951507200,6.2791,0.0284,none,none,TRUE,FALSE,FALSE,TRUE,-3.1,2006AstL...32..759G,8.114527702,8.50246048,7.498226643
HD 169142,HD 169142,T Tauri star,http://simbad.cds.unistra.fr/simbad/sim-id?Ident=HD+169142,276.1240713,-29.78053707,2016,2015ApJ...798...94W,MW,other,114.8725489,0.353644827,A7V,2015ApJ...798...94W,,,7500,2015ApJ...798...94W,,,1.65,2015ApJ...798...94W,,,,,,,,,,,-8.68,2015ApJ...798...94W,0,2015ApJ...798...94W,,,,,,,,,,,8.16,,,,Gaia DR3 4048015133392824064,8.7053,0.0268,none,none,TRUE,FALSE,FALSE,TRUE,,,8.069379807,8.204545021,7.791367531
HK Ori,HK Ori,T Tauri star,http://simbad.cds.unistra.fr/simbad/sim-id?Ident=V*+HK+Ori,82.8668506,12.15281956,2016,2006ApJ...653..657M,MW,Lambda Orionis,none,none,A4,2006ApJ...653..657M,,,8511,2006ApJ...653..657M,1.89,2006ApJ...653..657M,3,2006ApJ...653..657M,,,,,,,,,,,-5.24,2011A&A...535A..99M,0.44,2006ApJ...653..657M,,,,,,,,,,,12.06,,,,Gaia DR3 3340972119446813440,         ,       ,none,none,TRUE,FALSE,FALSE,TRUE,22.2,2020AJ....160..120J,12.04352856,11.8134222,10.85241985
UX Tau A,V* UX Tau A,T Tauri star,http://simbad.cds.unistra.fr/simbad/sim-id?Ident=V*+UX+Tau+A,67.51669855,18.23033127,2016,2014MNRAS.440.3444C,MW,Taurus,142.231325,0.665558769,K2,2014MNRAS.440.3444C,,,4900,2014MNRAS.440.3444C,,,1.3,2014MNRAS.440.3444C,,,,,,,,,,,-7.325,2014MNRAS.440.3444C,,,,,,,,,,,,,10.8,,,,Gaia DR3 3314508626912857472,7.0308,0.0329,none,none,TRUE,FALSE,FALSE,TRUE,16,2018ApJ...856...23G,11.24546623,11.6837616,10.39165974
Wa Oph 2,Wa Oph 2,T Tauri star,http://simbad.cds.unistra.fr/simbad/sim-id?Ident=Wa+Oph+2,242.9969003,-19.11491072,2016,2018MNRAS.473.1231A,MW,Upper Scorpius,137.0351084,0.32299228,K0,2018MNRAS.473.1231A,,,,,,,,,,,,,,,,,,,,,,,,,,,,,,,,,11.66,,,,Gaia DR3 6245812948756034816,7.2974,0.0172,none,none,TRUE,FALSE,FALSE,TRUE,-2.8,2020AJ....160..120J,11.16810036,11.8944931,10.32765484
2MASS-J15570234-1950419,2MASS J15570234-1950419,T Tauri star,http://simbad.cds.unistra.fr/simbad/sim-id?Ident=1RXS+J155702.5-195037,239.2597544,-19.84511709,2016,2018MNRAS.473.1231A,MW,Upper Scorpius,130.1541025,6.023896141,K7,2018MNRAS.473.1231A,,,,,,,0.77,2018MNRAS.473.1231A,,,,,,,,,,,,,,,,,,,,,,,,,11.67,,,,Gaia DR3 6247031035844387584,7.6832,0.3556,none,none,TRUE,FALSE,FALSE,TRUE,-5.1,2017AJ....153...95R,11.38499546,11.79203796,10.26483917
CVSO 35,CVSO 35,T Tauri star,http://simbad.cds.unistra.fr/simbad/sim-id?Ident=CVSO+35,81.44133783,1.763897145,2016,2005AJ....129..935C,MW,Ori OB1a,364.0997633,13.81365204,K7,2005AJ....129..935C,,,4060,2005AJ....129..935C,-0.14,2005AJ....129..935C,0.77,2005AJ....129..935C,,,,,,,,,,,-8.77,2005AJ....129..935C,0.25,2005AJ....129..935C,,,,,,,,,,,13.36,,,,Gaia DR3 3222267297922229248,2.7465,0.1042,none,none,TRUE,FALSE,FALSE,TRUE,21.7,2020AJ....160..120J,14.42433739,15.09719086,13.29864693
KISO A-0903 134,KISO A-0903 134,T Tauri star,http://simbad.cds.unistra.fr/simbad/sim-id?Ident=Kiso+A-0903+134,81.73073525,1.67288989,2016,2017ApJ...844..169F,MW,Ori OB1a,360.5032626,4.249777096,,,,,,,,,0.4,2017ApJ...844..169F,,,,,,,,,,,-9.1,2017ApJ...844..169F,0,2017ApJ...844..169F,,,,,,,,,,,15.56,,,,Gaia DR3 3222237885987655424,2.7739,0.0327,none,none,TRUE,FALSE,FALSE,TRUE,21.2,2020AJ....160..120J,15.31236076,16.21341896,14.28796864
CVSO 206,CVSO 206,T Tauri star,http://simbad.cds.unistra.fr/simbad/sim-id?Ident=Kiso+A-0903+109,81.17100207,1.910701023,2016,2017ApJ...844..169F,MW,Ori OB1a,336.3832078,3.360663775,K5,2007ApJ...661.1119B,,,,,,,0.8,2017ApJ...844..169F,,,,,,,,,,,-8.13,2017ApJ...844..169F,0.19,2017ApJ...844..169F,,,,,,,,,,,14.93,,,,Gaia DR3 3222286505017306240,2.9728,0.0297,none,none,TRUE,FALSE,FALSE,TRUE,20,2020AJ....160..120J,14.8625288,15.84737206,13.83862209
[PGZ2001] J161031.9-191305,[PGZ2001] J161031.9-191305,T Tauri star,http://simbad.cds.unistra.fr/simbad/sim-id?Ident=[PGZ2001]+J161031.9-191305,242.6330901,-19.21846086,2016,2015ApJ...802...61L,MW,Upper Scorpius,137.1234248,0.763395045,K7,2001AJ....121.1040P,,,4000,2015ApJ...802...61L,,,0.77,2008ApJ...679..762K,,,,,,,,,,,,,0.35,2015ApJ...802...61L,,,,,,,,,,,13.56,,,,Gaia DR3 6245761404851201408,7.2927,0.0406,none,none,TRUE,FALSE,FALSE,TRUE,-6.9,2012ApJ...745...56D,12.68746853,13.81296825,11.62490368
[PZ99] J161019.1-250230,[PZ99] J161019.1-250230,T Tauri star,http://simbad.cds.unistra.fr/simbad/sim-id?Ident=[PZ99]+J161019.1-250230,242.5799011,-25.04183387,2016,2010ApJ...724..835W,MW,Upper Scorpius,159.2584925,1.478678491,M1 ,2010ApJ...724..835W,,,3700,2010ApJ...724..835W,,,,,,,,,,,,,,,,,0.1,2010ApJ...724..835W,,,,,,,,,,,11.98,,,,Gaia DR3 6049748791208799488,6.2791,0.0583,none,none,TRUE,FALSE,FALSE,TRUE,-4.2,2020AJ....160..120J,11.38407516,12.19418907,10.4791832
RR Tau,RR Tau,T Tauri star,http://simbad.cds.unistra.fr/simbad/sim-id?Ident=V*+RR+Tau,84.87712535,26.37413731,2016,2012A&A...543A..59M,MW,other,810.1758082,19.6915452,A2-3IIIe,2010MNRAS.401.1199W,,,10000,2012A&A...543A..59M,,,,,,,,,,,,,,,-4.11,2012A&A...543A..59M,,,,,,,,,,,,,12.09,,,,Gaia DR3 3441021939498830976,1.2343,0.03,none,none,TRUE,FALSE,FALSE,TRUE,,,12.43480873,12.88571739,11.57357121
2MASS J04390163+2336029,[SCH2006b] J0439016+2336030,T Tauri star,http://simbad.cds.unistra.fr/simbad/sim-id?Ident=2MASS+J04390163+2336029,69.7568471,23.60072493,2016,2006AJ....132.2665S,MW,Taurus,126.7571713,0.432212535,M6,2006AJ....132.2665S,,,3125,2008ApJ...681..594H,-1.05,2008ApJ...681..594H,0.17,2008ApJ...681..594H,,,,,,,,,,,-9.36,2008ApJ...681..594H,0,2008ApJ...681..594H,,,,,,,,,,,16,,,,Gaia DR3 146764809236423808 ,7.8891,0.0269,none,none,TRUE,FALSE,FALSE,TRUE,16.6,2018ApJ...856...23G,14.34844971,16.17883492,13.06757259
Sz 102,Sz 102,T Tauri star,http://simbad.cds.unistra.fr/simbad/sim-id?Ident=WRAY+16-203,242.1238326,-39.05316237,2016,2017A&A...600A..20A ,MW,Lupus III,695.8458006,235.1766094,K2,2017A&A...600A..20A ,,,4900,2017A&A...600A..20A ,-1.83,2017A&A...600A..20A ,,,,,,,,,,,,,,,0.23,2017A&A...600A..20A ,,,,,,,,,,,15.91,,,,Gaia DR3 5997083008890845184,1.4371,0.4857,none,none,TRUE,FALSE,FALSE,TRUE,21.6,2017A&A...602A..33F,16.45709229,16.43509483,15.37602806
CE Ant,TWA 7,T Tauri star,http://simbad.cds.unistra.fr/simbad/sim-id?Ident=V*+CE+Ant,160.6247904,-33.67126227,2016,1999ApJ...512L..63W,MW,TWA,34.09745735,0.031739979,M3.2,1999ApJ...512L..63W,,,,,,,0.46,1999ApJ...512L..63W,,,,,,,,,,,-12,2013ApJ...767..112I,,,,,,,,,,,,,10.91,,,,Gaia DR3 5444751795151480320,29.3277,0.0273,none,none,TRUE,FALSE,FALSE,TRUE,12.1,2017AJ....153...95R,10.64235783,12.00091934,9.48192215
UZ Tau E,V* UZ Tau E,T Tauri star,http://simbad.cds.unistra.fr/simbad/sim-id?Ident=V*+UZ+TAu+A,68.17949393,25.87518372,2016,2007AJ....134..241J,MW,Taurus,130.4376182,1.597611994,M1,2007AJ....134..241J,,,,,,,0.69,2007AJ....134..241J,,,,,,,,,,,-7.02,2012MNRAS.419..925J,,,,,,,,,,,,,,,,,Gaia DR3 151045650384137600 ,7.6665,0.0939,none,none,TRUE,FALSE,FALSE,TRUE,13.8,2020AJ....160..120J,12.36909389,13.56076241,11.25979519
2MASSJ04383885+1546045,2MASS J04383885+1546045,T Tauri star companion,http://simbad.cds.unistra.fr/simbad/sim-id?Ident=2MASS+J04383885%2B1546045,69.66194168,15.76783389,2016,2019AJ....158...54E ,MW,Taurus,139.83276,0.351957614,M3,2019AJ....158...54E ,,,,,,,,,,,,,,,,,,,,,,,,,,,,,,,,,,,,,Gaia DR3 3309970392669539584,7.1514,0.018,none,none,TRUE,FALSE,FALSE,TRUE,19,2018ApJ...856...23G,13.69961929,15.01921463,12.56263924
CVSO-109A,CVSO 109A,T Tauri star companion,,83.13610687,-1.229437464,2016,2021RNAAS...5...36P,MW,Ori OB1b,none,none,,,,,,,,,,,,,,,,,,,,,,,,,,,,,,,,,,,,,,,,,,none,none,TRUE,FALSE,FALSE,FALSE,,,,,
CVSO-109B,CVSO 109B,T Tauri star companion,,83.13599552,-1.2295746,2016,2021RNAAS...5...36P,MW,Ori OB1b,none,none,,,,,,,,,,,,,,,,,,,,,,,,,,,,,,,,,,,,,,,Gaia DR3 3217630382512239232,,,none,none,TRUE,FALSE,FALSE,FALSE,,,14.47279644,,
CVSO-165A,CVSO 165A,T Tauri star companion,,84.76072363,-1.342346479,2016,2021RNAAS...5...36P,MW,Ori OB1b,none,none,,,,,,,,,,,,,,,,,,,,,,,,,,,,,,,,,,,,,,,,,,none,none,TRUE,FALSE,FALSE,FALSE,,,,,
CVSO-165B,CVSO 165B,T Tauri star companion,,84.76072363,-1.342346479,2016,2021RNAAS...5...36P,MW,Ori OB1b,none,none,,,,,,,,,,,,,,,,,,,,,,,,,,,,,,,,,,,,,,,,,,none,none,TRUE,FALSE,FALSE,FALSE,,,,,
GAIA DR3 3217473697810165504,GAIA DR3 3217473697810165504,T Tauri star companion,,84.75978669,-1.341157429,2016,,MW,Ori OB1b,1332.445037,49.8890147,,,,,,,,,,,,,,,,,,,,,,,,,,,,,,,,,,,,,,,Gaia DR3 3217473697810165504,0.7505,0.0281,none,none,TRUE,FALSE,FALSE,FALSE,,,15.0436058,15.50828743,14.38793564
Haro 5-64B,Haro 5-64B,T Tauri star companion,http://simbad.u-strasbg.fr/simbad/sim-id?Ident=Haro+5-64B,83.026605,-1.183367211,2016,,MW,Ori OB1b,none,none,,,,,,,,,,,,,,,,,,,,,,,,,,,,,,,,,,,,,,,,,,none,none,TRUE,FALSE,FALSE,FALSE,,,,,
GAIA DR3 5200232636905785728,GAIA DR3 5200232636905785728,T Tauri star companion,,175.8459327,-78.08212048,2016,,MW,Cha I,2316.423442,436.2409679,,,,,,,,,,,,,,,,,,,,,,,,,,,,,,,,,,,,,,,Gaia DR3 5200232636905785728,0.4317,0.0813,none,none,TRUE,FALSE,FALSE,FALSE,,,17.72819901,18.08352661,17.19360542
CVSO-36B,CVSO 36B,T Tauri star companion,http://simbad.cds.unistra.fr/simbad/sim-id?Ident=GAIA+EDR3+3222268122555927936,81.45900692,1.827259671,2016,,MW,Ori OB1b,333.2000533,13.87778444,,,,,,,,,,,,,,,,,,,,,,,,,,,,,,,,,,,,,,,Gaia DR3 3222268122555927936,3.0012,0.125,none,none,TRUE,FALSE,FALSE,FALSE,,,,,
DQ Tau,DQ Tau,T Tauri star,http://simbad.cds.unistra.fr/simbad/sim-id?Ident=DQ+Tau,71.72108333,17.00003889,2016,1997AJ....113.1841M,MW,Taurus,,,M0-1,2016ApJ...818..156C,,,3700,2016ApJ...818..156C,-0.49,2016ApJ...818..156C,1.21,2016ApJ...818..156C,,,,,,,,,,,-7.3,2022ApJ...928...81F,0.16,2016ApJ...818..156C,,,,,,,14.56,none,13.67,none,12,none,,,Gaia DR3 3406269842981827712,,,TRUE,2016ApJ...818..156C,TRUE,FALSE,FALSE,TRUE,22.4,2018ApJ...856...23G,12.45619297,13.69262791,11.34175873
KK Oph,KK Oph,T Tauri star,http://simbad.cds.unistra.fr/simbad/sim-id?Ident=KK+Oph,257.5338333,-27.25522222,2016,2007A&A...464..687C,MW,other,,,A6V + G6V,2007A&A...464..687C,,,8317,2007A&A...464..687C,1.3,2007A&A...464..687C,1.6,2007A&A...464..687C,,,,,,,,,,,,,0.5,2007A&A...464..687C,,,,,,,12.86,none,12.79,none,12.22,none,,,,,,TRUE,2007A&A...464..687C,TRUE,FALSE,FALSE,TRUE,10,2007AN....328..889K,,,
HD 104237,HD 104237,T Tauri star,http://simbad.cds.unistra.fr/simbad/sim-id?Ident=DX+Cha,180.020342,-78.19296063,2016,2013A&A...549A..15F,MW,eps Cha,106.6041256,0.485261571,A0,2006A&A...459..837G,,,9840,2006A&A...459..837G,0.778,2006A&A...459..837G,2,2006A&A...459..837G,,,,,,,,,,,-7.45,2006A&A...459..837G,0.1,2006A&A...459..837G,,,,,,,,,,,6.62,none,,,Gaia DR3 5836666564476158336,9.226,0.0582,TRUE,2021AJ....161...87D,TRUE,FALSE,FALSE,TRUE,14,2017AJ....153...95R,6.558350563,6.678522587,6.29524374
CW Tau,CW Tau,T Tauri star,http://simbad.cds.unistra.fr/simbad/sim-id?Ident=CW+Tau,63.57089217,28.18260534,2016,2022A&A...667A.124G,MW,Taurus,131.5889,0.9,K0,2022A&A...667A.124G,,,4854,2022A&A...667A.124G,-0.4,2022A&A...667A.124G,0.9,2022A&A...667A.124G,,,,,,,,,0.89,2022A&A...667A.124G,-7.47,2022A&A...667A.124G,1.16,2022A&A...667A.124G,,,,,,,13.92,none,13.64,none,12.36,none,,,Gaia DR3 163184091252903936,7.601729485,0.03727604,FALSE,none,TRUE,FALSE,FALSE,TRUE,18.9,2020AJ....160..120J,12.77468395,13.68733025,11.54827213
DF Tau,DF Tau,T Tauri star,http://simbad.cds.unistra.fr/simbad/sim-id?Ident=DF+Tau,66.76164923,25.70611945,2016,2022A&A...667A.124G,MW,Taurus,,,M2,2022A&A...667A.124G,,,3565,2022A&A...667A.124G,-0.46,2022A&A...667A.124G,0.35,2022A&A...667A.124G,,,,,,,,,1.55,2022A&A...667A.124G,-7.55,2022A&A...667A.124G,0,2022A&A...667A.124G,,,,,,,11.97,none,12.25,none,11.42,none,9.14,none,Gaia DR3 151179966897747840,5.667196863,0.49981314,FALSE,none,TRUE,FALSE,FALSE,TRUE,18,2020AJ....160..120J,11.05881023,12.09206676,9.988384247
TWA 27,TWA 27,T Tauri star,http://simbad.cds.unistra.fr/simbad/sim-id?Ident=TWA+27,181.889079,-39.54844319,2016,2019A&A...632A..46V,MW,TWA,,,M9,2019A&A...632A..46V,,,2640,2019A&A...632A..46V,-2.19,2019A&A...632A..46V,0.019,2019A&A...632A..46V,,,,,,,,,0.35,2019A&A...632A..46V,-10.68,2019A&A...632A..46V,0,2019A&A...632A..46V,,,,,,,,,,,19.95,none,15.88,none,Gaia DR3 3459372646830687104,15.46239077,0.11630435,FALSE,none,TRUE,FALSE,FALSE,TRUE,9.4,2017AJ....153...95R,17.38807106,20.14224625,15.87130356
GW Ori,GW Ori,T Tauri star,http://simbad.cds.unistra.fr/simbad/sim-id?Ident=GW+Ori,82.28495962,11.87018337,2016,2014A&A...570A.118F,MW,Lambda Orionis,,,G8,2014A&A...570A.118F,,,5500,2014A&A...570A.118F,1.68,2014A&A...570A.118F,3.9,2014A&A...570A.118F,,,,,,,,,7.6,2014A&A...570A.118F,-6.4,2014A&A...570A.118F,0.45,2014A&A...570A.118F,,,,,,,,,10.83,none,10.1,none,,,Gaia DR3 3340856533286969600,2.451004334,0.0623276,TRUE,2014A&A...570A.118F,TRUE,FALSE,FALSE,TRUE,34,2006AstL...32..759G,9.44586277,9.996103287,8.690992355
V1044 Ori,V* V1044 Ori,T Tauri star,http://simbad.cds.unistra.fr/simbad/sim-id?Ident=V1044+Ori,83.56858749,-5.612680385,2016,2004AJ....128.1294C,MW,Ori OB1c,366.25,11.18,G2,2004AJ....128.1294C,,,5860,2004AJ....128.1294C,0.83,2004AJ....128.1294C,1.6,2004AJ....128.1294C,,,,,,,,,2.5,2004AJ....128.1294C,-7.55,2004AJ....128.1294C,0.13,2004AJ....128.1294C,9.2,2004AJ....128.1294C,,,,,12.31,2004AJ....128.1294C,12.11,2004AJ....128.1294C,11.36,2004AJ....128.1294C,10.47,2004AJ....128.1294C,Gaia DR3 3017260709226477056,2.578810957,0.020732729,FALSE,none,TRUE,FALSE,FALSE,TRUE,27.3,2020AJ....160..120J,11.12718201,11.5503273,10.52748013
RY Tau,V* RY Tau,T Tauri star,http://simbad.cds.unistra.fr/simbad/sim-id?Ident=RY+Tau,65.48924943,28.4430898,2016,2004AJ....128.1294C,MW,Taurus,,,G1,2004AJ....128.1294C,,,5945,2004AJ....128.1294C,0.98,2004AJ....128.1294C,2,2004AJ....128.1294C,,,,,,,,,2.9,2004AJ....128.1294C,-7.11,2004AJ....128.1294C,0.71,2004AJ....128.1294C,7.6,,,,,,11.83,2004AJ....128.1294C,11.29,2004AJ....128.1294C,10.22,2004AJ....128.1294C,,,Gaia DR3 164551162164119424,7.23487094,0.2031438,FALSE,none,TRUE,FALSE,FALSE,TRUE,24,2018ApJ...856...23G,10.70595169,11.27630234,9.841156006
DS Tau,V* DS Tau,T Tauri star,http://simbad.cds.unistra.fr/simbad/sim-id?Ident=DS+Tau,71.95250688,29.41966683,2016,2022A&A...667A.124G,MW,Taurus,,,K5,2022A&A...667A.124G,,,3876,2022A&A...667A.124G,-0.54,2022A&A...667A.124G,0.61,2022A&A...667A.124G,,,,,,,,,1.19,2022A&A...667A.124G,-8.57,2022A&A...667A.124G,0.13,2022A&A...667A.124G,,,,,,,13.11,none,13.16,none,12.3,none,10.8,none,Gaia DR3 158249306976130176,6.315008256,0.02100082,FALSE,none,TRUE,FALSE,FALSE,TRUE,16,2018ApJ...856...23G,12.05132866,12.80502892,11.10162544
CY Tau,V* CY Tau,T Tauri star,http://simbad.cds.unistra.fr/simbad/sim-id?Ident=CY+Tau,64.39058029,28.34622257,2016,2022A&A...667A.124G,MW,Taurus,,,M2,2022A&A...667A.124G,,,3514,2022A&A...667A.124G,-0.66,2022A&A...667A.124G,0.36,2022A&A...667A.124G,,,,,,,,,1.27,2022A&A...667A.124G,-8.85,2022A&A...667A.124G,0,2022A&A...667A.124G,,,,,,,14.52,none,14.68,none,13.4,none,,,Gaia DR3 164698634160139264,7.915844179,0.020389441,FALSE,none,TRUE,FALSE,FALSE,TRUE,16.7,2020AJ....160..120J,12.4795332,13.59951401,11.38836288
T Tau,V* T Tau,T Tauri star,http://simbad.cds.unistra.fr/simbad/sim-id?Ident=T+Tau,65.49768837,19.53505637,2016,,MW,Taurus,,,,2021A&A...652A.133V,,,5700,2021A&A...652A.133V,0.95,2021A&A...652A.133V,1.94,2021A&A...652A.133V,,,,,,,,,,,,,0.23,2021A&A...652A.133V,4.01,2021A&A...652A.133V,,,,,,,,,,,,,Gaia DR3 48192969034959232,6.890082843,0.037740663,FALSE,none,TRUE,FALSE,FALSE,TRUE,23.9,2017AJ....153...95R,9.668167,10.390567,8.757364
DG Tau,V* DG Tau,T Tauri star,http://simbad.cds.unistra.fr/simbad/sim-id?Ident=DG+Tau,66.76957782,26.10437015,2016,2022A&A...667A.124G,MW,Taurus,,,K7,2022A&A...667A.124G,,,4004,2022A&A...667A.124G,-0.36,2022A&A...667A.124G,0.7,2022A&A...667A.124G,,,,,,,,,1.38,2022A&A...667A.124G,-7.35,2022A&A...667A.124G,0.48,2022A&A...667A.124G,,,,,,,13.57,none,13.97,none,10.5,none,,,Gaia DR3 151262700852297728,7.983639611,0.118209854,FALSE,none,TRUE,FALSE,FALSE,TRUE,15.4,2012ApJ...745..119N,11.87641144,12.86468029,10.77052975
SU Aur,V* SU Aur,T Tauri star,http://simbad.cds.unistra.fr/simbad/sim-id?Ident=SU+Aur,73.99746613,30.56697521,2016,2022A&A...667A.124G,MW,Taurus-Auriga,,,G5,2022A&A...667A.124G,,,5414,2022A&A...667A.124G,0.95,2022A&A...667A.124G,2.22,2022A&A...667A.124G,,,,,,,,,3.38,2022A&A...667A.124G,-7.76,2022A&A...667A.124G,0.29,2022A&A...667A.124G,,,,,,,,,10.33,none,9.3,none,,,Gaia DR3 157010573981545344,6.370007441,0.030324647,FALSE,none,TRUE,FALSE,FALSE,TRUE,14.3,2012ApJ...745..119N,9.251130104,9.747431755,8.429355621
V410 Tau,V* V410 Tau,T Tauri star,http://simbad.cds.unistra.fr/simbad/sim-id?Ident=V410+Tau,64.62966193,28.45437608,2016,2010MNRAS.403..159S,MW,Taurus,,,,,,,4500,2010MNRAS.403..159S,,,1.4,2010MNRAS.403..159S,,,,,,,,,3,2010MNRAS.403..159S,,,,,1.2,2010MNRAS.403..159S,,,,,,,12.13,none,10.75,none,9.41,none,Gaia DR3 164518589131083136,7.730281963,0.021211926,FALSE,none,TRUE,FALSE,FALSE,TRUE,21.6,2020AJ....160..120J,10.3304615,11.04123688,9.49461937
HD 141569,HD 141569,T Tauri star,http://simbad.cds.unistra.fr/simbad/sim-id?Ident=HD+141569,237.4905401,-3.921290953,2016,2020MNRAS.493..234W,MW,other,,,A0Ve,2020MNRAS.493..234W,,,9500,2020MNRAS.493..234W,1.34,2020MNRAS.493..234W,2.06,2020MNRAS.493..234W,4.2,2020MNRAS.493..234W,,,,,,,1.74,2020MNRAS.493..234W,-7.35,2020MNRAS.493..234W,0.12,2020MNRAS.493..234W,5.89,2020MNRAS.493..234W,,,,,7.22,none,7.23,2020MNRAS.493..234W,7.13,2020MNRAS.493..234W,7.04,none,Gaia DR3 4399438153527026176 ,8.95967478,0.029310701,FALSE,none,TRUE,FALSE,FALSE,TRUE,3.5,2020AJ....160...82S,7.10304594,7.139754295,6.990853786
HD 142666,HD 142666,T Tauri star,http://simbad.cds.unistra.fr/simbad/sim-id?Ident=HD+142666,239.166697,-22.02787762,2016,2020MNRAS.493..234W,MW,other,,,A8Ve,2020MNRAS.493..234W,,,7250,2020MNRAS.493..234W,1.08,2020MNRAS.493..234W,1.64,2020MNRAS.493..234W,4,2020MNRAS.493..234W,,,,,,,2.21,2020MNRAS.493..234W,-7.24,2020MNRAS.493..234W,0.26,2020MNRAS.493..234W,7.76,2020MNRAS.493..234W,,,,,9.41,none,9.37,none,8.82,none,8.01,none,Gaia DR3 6243489715051060480,6.837516101,0.02167074,FALSE,none,TRUE,FALSE,FALSE,TRUE,-5.4,2023ApJS..265...12Q,8.586450577,8.86025238,8.096135139
PDS 70,PDS 70,T Tauri star,http://simbad.cds.unistra.fr/simbad/sim-id?Ident=PDS+70,212.0421347,-41.39804388,2016,2020AJ....159..222H,MW,Upper Scorpius,,,K7,2018A&A...617A..44K,,,3972,2018A&A...617A..44K,-0.46,2018A&A...617A..44K,0.76,2018A&A...617A..44K,,,,,,,,,1.26,2018A&A...617A..44K,-9.88,2020ApJ...892...81T,0.02,2018A&A...617A..44K,5.4,2018A&A...617A..44K,,,,,,,13.42,none,12.18,none,10.51,none,Gaia DR3 6110141563309613056,8.897475007,0.019064352,FALSE,none,TRUE,FALSE,FALSE,TRUE,3.9,2020AJ....160...82S,11.60600758,12.38758755,10.71436691
T Cha,V* T cha,T Tauri star,http://simbad.cds.unistra.fr/simbad/sim-id?Ident=T+Cha,179.3053512,-79.35879694,2016,2019MNRAS.484.4315C,MW,eps Cha,,,G8,2019MNRAS.484.4315C,,,,,,,1.3,2019MNRAS.484.4315C,,,,,,,,,1.8,2019MNRAS.484.4315C,-8.4,2019MNRAS.484.4315C,0.55,2019MNRAS.484.4315C,7,2019MNRAS.484.4315C,,,,,,,10,none,11.86,none,,,Gaia DR3 5199981334076455680,9.735605696,0.033161,TRUE,2019MNRAS.484.4315C,TRUE,FALSE,FALSE,TRUE,14.1,2017AJ....153...95R,11.87027168,13.09819126,11.02326012
HD 163296,HD 163296,T Tauri star,http://simbad.cds.unistra.fr/simbad/sim-id?Ident=HD+163296,269.0886644,-21.95625087,2016,2013ApJ...776...44M,MW,other,,,A1,2013ApJ...776...44M,,,9250,2013ApJ...776...44M,1.54,2013ApJ...776...44M,2.2,2013ApJ...776...44M,,,,,,,,,2.3,2013ApJ...776...44M,-6.35,2013ApJ...776...44M,,,5,2013ApJ...776...44M,,,,,7.01,2013ApJ...776...44M,7.08,2013ApJ...776...44M,6.9,2013ApJ...776...44M,6.74,2013ApJ...776...44M,Gaia DR3 4070355800839765248 ,9.904265031,0.040762495,FALSE,none,TRUE,FALSE,FALSE,TRUE,-4,2017AJ....153...95R,6.844195843,6.898377895,6.691660881
HD 294260,HD 294260,T Tauri star,http://simbad.cds.unistra.fr/simbad/sim-id?Ident=HD+294260,84.21361066,-4.427765288,2016,2021A&A...652A.133V,MW,other,,,G1,1984AJ.....89..399R,,,6115,2021A&A...652A.133V,0.94,2021A&A...652A.133V,1.68,2021A&A...652A.133V,,,,,,,,,,,,,0.16,2021A&A...652A.133V,6.72,2021A&A...652A.133V,,,,,,,,,,,,,Gaia DR3 3215594774172175104,2.554764804,0.017692754,FALSE,none,TRUE,FALSE,FALSE,TRUE,30.4,2020AJ....160..120J,10.6075449,10.95643711,10.0810194
EZ Ori,V* EZ ori,T Tauri star,http://simbad.cds.unistra.fr/simbad/sim-id?Ident=EZ+Ori,83.57736441,-5.07994107,2016,2004AJ....128.1294C,MW,Ori OB1c,,,G3,2004AJ....128.1294C,,,5830,2004AJ....128.1294C,0.77,2004AJ....128.1294C,1.6,2004AJ....128.1294C,,,,,,,,,2.4,2004AJ....128.1294C,-8.4,2004AJ....128.1294C,0.19,2004AJ....128.1294C,9.7,2004AJ....128.1294C,,,,,12.83,2004AJ....128.1294C,12.53,2004AJ....128.1294C,11.7,2004AJ....128.1294C,10.72,2004AJ....128.1294C,Gaia DR3 3209539488761714432,2.798737865,0.17518893,FALSE,none,TRUE,FALSE,FALSE,TRUE,23.8,2020AJ....160..120J,11.44572639,11.95189667,10.75515747
AK Sco,V* AK Sco,T Tauri star,http://simbad.cds.unistra.fr/simbad/sim-id?Ident=AK+Sco,253.6868274,-36.88861922,2016,2021A&A...652A.133V,MW,Upper Scorpius,,,F6+F6,2021A&A...652A.133V,,,6250,2021A&A...652A.133V,0.84,2021A&A...652A.133V,1.52,2021A&A...652A.133V,,,,,,,,,,,,,0.09,2021A&A...652A.133V,8.57,2021A&A...652A.133V,,,,,9.8,none,9.63,none,9,none,,,Gaia DR3 5971474902099064576,7.154344205,0.031216793,TRUE,2021A&A...652A.133V,TRUE,FALSE,FALSE,TRUE,-1.3,2012A&A...546A..61D,9.064188004,9.337845802,8.410297394
HD 135344B,HD 135344B,T Tauri star,http://simbad.cds.unistra.fr/simbad/sim-id?Ident=HD+135344B,228.9517512,-37.15455463,2016,2021A&A...652A.133V,MW,other,,,F8,2021A&A...652A.133V,,,6640,2021A&A...652A.133V,0.91,2021A&A...652A.133V,1.5,2021A&A...652A.133V,,,,,,,,,,,,,0.07,2021A&A...652A.133V,9.07,2021A&A...652A.133V,,,,,,,9.21,none,8.71,none,,,Gaia DR3 6199395656645838976,7.407397809,0.023951042,TRUE,2021A&A...652A.133V,TRUE,FALSE,FALSE,TRUE,-5.3,2023ApJS..265...12Q,8.514243126,8.786042213,8.064091682
CO Ori,V* CO Ori,T Tauri star,http://simbad.cds.unistra.fr/simbad/sim-id?Ident=CO+Ori,81.90973907,11.42746838,2016,2021A&A...652A.133V,MW,Lambda Orionis,,,G0,2004AJ....128.1294C,,,6030,2021A&A...652A.133V,1.64,2021A&A...652A.133V,2.97,2021A&A...652A.133V,,,,,,,,,4.3,2004AJ....128.1294C,-7.05,2004AJ....128.1294C,0.22,2021A&A...652A.133V,1.48,2021A&A...652A.133V,,,,,12.96,none,12.33,none,10.3,none,9.63,none,Gaia DR3 3339339963154835072,2.504856955,0.020514334,FALSE,none,TRUE,FALSE,FALSE,TRUE,23,2012A&A...546A..61D,11.08622646,11.79193878,10.30771065
V827 Tau,V* V827 Tau,T Tauri star,http://simbad.cds.unistra.fr/simbad/sim-id?Ident=V827+Tau,68.06076675,18.33736212,2016,2022A&A...667A.124G,MW,Taurus,,,K5,2022A&A...667A.124G,,,3648,2022A&A...667A.124G,-0.056,2022A&A...667A.124G,0.43,2022A&A...667A.124G,,,,,,,,,2.35,2022A&A...667A.124G,,,0.16,2022A&A...667A.124G,,,,,,,,,14,none,12.63,none,,,Gaia DR3 3314338163954491136,6.084325945,0.35792792,FALSE,none,TRUE,FALSE,FALSE,TRUE,17.8,2012ApJ...745..119N,11.8698616,12.92767811,10.79613781
V1070 Tau,V* V1070 Tau,T Tauri star,http://simbad.cds.unistra.fr/simbad/sim-id?Ident=V1070+Tau,64.92200337,27.82993104,2016,2022A&A...667A.124G,MW,Taurus,,,K5,2022A&A...667A.124G,,,3897,2022A&A...667A.124G,-0.15,2022A&A...667A.124G,0.6,2022A&A...667A.124G,,,,,,,,,1.85,2022A&A...667A.124G,,,0.19,2022A&A...667A.124G,,,,,,,,,13.75,none,12.25,none,,,Gaia DR3 164422961683000320,7.986951487,0.0432053,FALSE,none,TRUE,FALSE,FALSE,TRUE,17.7,2020AJ....160..120J,11.85012913,12.62421894,10.62226486
V1098 Tau,V* V1098 Tau,T Tauri star,http://simbad.cds.unistra.fr/simbad/sim-id?Ident=V1098+Tau,63.69990902,27.87615949,2016,2022A&A...667A.124G,MW,Taurus,,,M0,2022A&A...667A.124G,,,3837,2022A&A...667A.124G,0.045,2022A&A...667A.124G,0.55,2022A&A...667A.124G,,,,,,,,,2.38,2022A&A...667A.124G,,,0.23,2022A&A...667A.124G,,,,,,,,,14.08,none,11.73,none,,,Gaia DR3 163157325014927360,,,FALSE,none,TRUE,FALSE,FALSE,TRUE,14.9,2020AJ....160..120J,11.68130493,12.32321167,9.994848251
V826 Tau,V* V826 Tau,T Tauri star,http://simbad.cds.unistra.fr/simbad/sim-id?Ident=V826+Tau,68.06605336,18.02734529,2016,2006ApJ...646..319E,MW,Taurus,,,K7,2006ApJ...646..319E,,,,,,,,,,,,,,,,,,,,,,,,,,,,,,,13.51,none,12.07,none,10.31,none,Gaia DR3 3314258999116827776,6.960738913,0.020109935,TRUE,2006ApJ...646..319E,TRUE,FALSE,FALSE,TRUE,18,2018ApJ...856...23G,11.17826271,12.02985191,10.26456451
V830 Tau,V* V830 Tau,T Tauri star,http://simbad.cds.unistra.fr/simbad/sim-id?Ident=V830+Tau,68.29182694,24.5619212,2016,2015MNRAS.453.3706D,MW,Taurus,,,M0-1,2009A&ARv..17..251S,,,4250,2015MNRAS.453.3706D,0.08,2015MNRAS.453.3706D,1,2015MNRAS.453.3706D,3.9,2015MNRAS.453.3706D,,,,,,,2,2015MNRAS.453.3706D,,,,,2.2,2015MNRAS.453.3706D,,,,,,,13.91,none,12.08,none,,,Gaia DR3 147831571737487488,7.670374875,0.016476244,FALSE,none,TRUE,FALSE,FALSE,TRUE,17.6,2020AJ....160..120J,11.66723061,12.54673767,10.72594738
V1146 Sco,V* V1146 Sco,T Tauri star,http://simbad.cds.unistra.fr/simbad/sim-id?Ident=V1146+Sco,239.3331942,-23.6473539,2016,2012ApJ...744..121Y,MW,Upper Scorpius,,,M0,2012ApJ...744..121Y,,,,,-0.41,2012ApJ...744..121Y,,,,,,,,,,,,,,,0,2012ApJ...744..121Y,,,,,,,,,,,,,,,Gaia DR3 6237039975541812992,9.01896858,0.27174315,FALSE,none,TRUE,FALSE,FALSE,TRUE,0.6,2020AJ....160..120J,12.09785366,13.03716946,11.10500431
FM Tau,V* FM Tau,T Tauri star,http://simbad.cds.unistra.fr/simbad/sim-id?Ident=FM+Tau,63.55664309,28.21354898,2016,2013ApJ...767..112I,MW,Taurus,,,M0,2013ApJ...767..112I,,,,,-1,2013ApJ...767..112I,0.6,2013ApJ...767..112I,,,,,,,,,0.7,2013ApJ...767..112I,-8.92,2013ApJ...767..112I,0.23,2013ApJ...767..112I,,,,,,,14.44,none,,,13.8,none,,,Gaia DR3 163184366130809472,7.575347285,0.024392659,FALSE,none,TRUE,FALSE,FALSE,TRUE,13.8,2018ApJ...856...23G,13.5845747,14.737607,12.4691925
V1154 Sco,V* V1154 Sco,T Tauri star,http://simbad.cds.unistra.fr/simbad/sim-id?Ident=V1154+Sco,240.5434754,-22.69134004,2016,2012ApJ...744..121Y,MW,Upper Scorpius,,,K5,2012ApJ...744..121Y,,,,,0.08,2012ApJ...744..121Y,,,,,,,,,,,,,,,0.13,2012ApJ...744..121Y,,,,,,,,,12.46,none,11.32,none,,,Gaia DR3 6243172643388011008,,,FALSE,none,TRUE,FALSE,FALSE,TRUE,-2.3,2018ApJS..235....6T,11.12303066,11.60885715,10.05387402
V1157 Sco,V* V1157 Sco,T Tauri star,http://simbad.cds.unistra.fr/simbad/sim-id?Ident=V1157+Sco,242.835697,-18.3487305,2016,2012ApJ...744..121Y,MW,Upper Scorpius,,,K5,2012ApJ...744..121Y,,,,,-0.14,2012ApJ...744..121Y,,,,,,,,,,,,,,,0.32,2012ApJ...744..121Y,,,,,,,,,,,12.49,none,,,Gaia DR3 6248926520870519680,7.340734613,0.019733641,FALSE,none,TRUE,FALSE,FALSE,TRUE,-7.7,2020AJ....160..120J,11.76563644,12.65756702,10.83295536
SZ Cha,V* SZ Cha,T Tauri star,http://simbad.cds.unistra.fr/simbad/sim-id?Ident=Sz+Cha,164.569318,-77.28809813,2016,2023ApJ...953..177M,MW,Cha I,,,K2,2023ApJ...953..177M,,,4900,2023ApJ...953..177M,,,,,,,,,,,,,,,-7.82,2023ApJ...953..177M,0.42,2023ApJ...953..177M,,,,,,,,,14.12,none,13.11,none,11.79,none,Gaia DR3 5201199348142249216,5.257345188,0.025798809,FALSE,none,TRUE,FALSE,FALSE,TRUE,15,2012ApJ...745..119N,11.73030853,12.47276688,10.70845795
GX Ori,V* GX Ori,T Tauri star,http://simbad.cds.unistra.fr/simbad/sim-id?Ident=GX+Ori,82.50818092,12.2264139,2016,2004AJ....128.1294C,MW,Lambda Orionis,,,G9,2004AJ....128.1294C,,,5410,2004AJ....128.1294C,0.51,2004AJ....128.1294C,1.5,2004AJ....128.1294C,,,,,,,,,2,2004AJ....128.1294C,-7.44,2004AJ....128.1294C,0.42,2004AJ....128.1294C,9.6,2004AJ....128.1294C,,,,,14.32,2004AJ....128.1294C,14.07,2004AJ....128.1294C,13.12,2004AJ....128.1294C,11.79,2004AJ....128.1294C,Gaia DR3 3340894500797788288,2.427523091,0.026019974,FALSE,none,TRUE,FALSE,FALSE,TRUE,26.1,2022A&A...659A..95T,12.92131,13.538801,12.031708
VW Cha A,V* VW Cha A,T Tauri star companion,https://simbad.cds.unistra.fr/simbad/sim-id?Ident=%4021213573&Name=V*%20VW%20Cha%20A,167.0058162,-77.70793569,2016,2013A&A...554A..43D,MW,Cha I,,,K7,2013A&A...554A..43D,,,4060,2013A&A...554A..43D,0.2,2013A&A...554A..43D,0.75,2013A&A...554A..43D,,,,,,,,,2.55,2013A&A...554A..43D,-8.38,2013A&A...554A..43D,0.968,2013A&A...554A..43D,,,,,,,,,,,,,,,Gaia DR3 5201126475432043776,5.31466759,0.2904844,,,,,,,,,12.402748,12.966642,10.755862
VW Cha B,V* VW Cha B,T Tauri star companion,https://simbad.cds.unistra.fr/simbad/sim-id?Ident=%4021213574&Name=V*%20VW%20Cha%20B,167.005729,-77.7081193,2016,2013A&A...554A..43D,MW,Cha I,,,M0,2013A&A...554A..43D,,,3850,2013A&A...554A..43D,-0.12,2013A&A...554A..43D,0.57,2013A&A...554A..43D,,,,,,,,,1.97,2013A&A...554A..43D,,,0.581,2013A&A...554A..43D,,,,,,,,,,,,,,,Gaia DR3 5201126475434187264,5.395152818,0.099376716,,,,,,,,,12.765629,,