target_name_ullyses,target_name_hlsp,target_name_simbad,target_name_ullyses_apt,alias0,alias1,alias2,alias3,alias4,alias5,alias6,alias7,alias8,alias9,alias10,alias12,alias13,alias14,alias15,alias16,alias17,alias18,alias19,alias20
BI 237,BI-237,BI 237,,BI237,[M2002]_164942,,,,,,,,,,,,,,,,,,
VFTS 72,VFTS-72,VFTS 72,,BI 253,BI253,VFTS72,VFTS_72,[M2002]_168644,,,,,,,,,,,,,,,
SK -68 155,SK-68D155,SK -68 155,,SK-68155,SK-68 155,SK_-68155,,,,,,,,,,,,,,,,,
BI 184,BI-184,BI 184,,BI184,BI_184,,,,,,,,,,,,,,,,,,
SK -69 279,SK-69D279,SK -69 279,,SK-69279,SK-69 279,SK-69-279,SK_-69279,,,,,,,,,,,,,,,,
SK -68 26,SK-68D26,SK -68 26,,SK-6826,SK-68 26,SK-68-26,SK_-6826,,,,,,,,,,,,,,,,
SK -68 73,SK-68D73,SK -68 73,,SK-6873,SK-68 73,HD269445,,,,,,,,,,,,,,,,,
LMCE055-1,LMCE055-1,[MNM2015] LMCE055-1,LMCE055-1,,,,,,,,,,,,,,,,,,,,
SK -69 104,SK-69D104,SK -69 104,,SK-69104,SK-69 104,SK_-69104,,,,,,,,,,,,,,,,,
BI 173,BI-173,BI 173,,BI173,[M2002]_137610,,,,,,,,,,,,,,,,,,
SK -68 52,SK-68D52,SK -68 52,,SK-6852,SK-68 52,SK_-6852,,,,,,,,,,,,,,,,,
SK -70 79,SK-70D79,SK -70 79,,SK-7079,SK-70 79,SK-70-79,[M2002]_69992,,,,,,,,,,,,,,,,
SK -69 50,SK-69D50,SK -69 50,,SK-6950,SK-69 50,[M2002]_33053,,,,,,,,,,,,,,,,,
SK -69 212,SK-69D212,SK -69 212,SK-69D212,SK-69212,SK-69 212,ST2-53,SK -69 212|SK_-69212,SK_-69212,,,,,,,,,,,,,,,
SK -67 101,SK-67D101,SK -67 101,,SK-67101,SK-67 101,SK-67.101,SK-67-101,[M2002]_134666,,,,,,,,,,,,,,,
SK -67 106,SK-67D106,SK -67 106,,SK-67106,SK-67 106,SK-67.106,SK-67-106,SK-67_106,,,,,,,,,,,,,,,
SK -67 107,SK-67D107,SK -67 107,,SK-67107,SK-67 107,SK-67.107,SK-67_107,,,,,,,,,,,,,,,,
SK -67 111,SK-67D111,SK -67 111,,SK-67111,SK-67 111,SK-67.111,SK_-67111,SK-67D111-BKGD,,,,,,,,,,,,,,,
SK -68 135,SK-68D135,SK -68 135,,SK-68135,SK-68 135,SK_-68135,,,,,,,,,,,,,,,,,
VFTS 244,VFTS-244,VFTS 244,VFTS-244,2MASS-J05380840-6905446,VFTS244,VFTS-244|VFTS_244,VFTS_244,,,,,,,,,,,,,,,,
VFTS 586,VFTS-586,VFTS 586,VFTS-586,2MASS-J05384539-6902514,VFTS586,VFTS-586|VFTS_586,VFTS_586,,,,,,,,,,,,,,,,
SK -68 140,SK-68D140,SK -68 140,,SK-68140,SK-68 140,VFTS696,SK-68-140,SK-68_140,VFTS_696,,,,,,,,,,,,,,
SK -67 168,SK-67D168,SK -67 168,,SK-67168,SK-67 168,SK_-67168,,,,,,,,,,,,,,,,,
BI 265,BI-265,BI 265,BI265,FARINA82,FARINA-82,BI265|[AAOMEGA]_361,[AAOMEGA]_361,,,,,,,,,,,,,,,,
SK -67 105,SK-67D105,SK -67 105,,SK-67105,SK-67 105,SK_-67105,SK-67_105,,,,,,,,,,,,,,,,
SK -71 41,SK-71D41,SK -71 41,,SK-7141,SK-71 41,SK_-7141,,,,,,,,,,,,,,,,,
SK -71 45,SK-71D45,SK -71 45,SK-71D45,SK-7145,SK-71 45,HD269676,SK-71 45|SK_-7145,SK-71D45-BKGD,SK_-7145,,,,,,,,,,,,,,
SK -67 191,SK-67D191,SK -67 191,,SK-67191,SK-67 191,SK-67-191,SK_-67191,,,,,,,,,,,,,,,,
SK -67 211,SK-67D211,SK -67 211,,SK-67211,SK-67 211,HD269810,SK-67-211,HD_269810,,,,,,,,,,,,,,,
SK -67 14,SK-67D14,SK -67 14,,SK-6714,SK-67 14,SK-67D14-BKGD,SK_-6714,,,,,,,,,,,,,,,,
SK -67 5,SK-67D5,SK -67 5,,SK-675,SK-67 5,SK-67-5,SK-67D05,SK_-6705,SK-67D05-BKGD,SK-67005,,,,,,,,,,,,,
SK -70 115,SK-70D115,SK -70 115,,SK-70115,SK-70 115,SK_-70115,,,,,,,,,,,,,,,,,
SK -71 50,SK-71D50,SK -71 50,,SK-7150,SK-71 50,SK-71-50,SK-71.50,SK_-7150,,,,,,,,,,,,,,,
SK -66 35,SK-66D35,SK -66 35,,SK-6635,SK-66 35,SK_-6635,HD268732,,,,,,,,,,,,,,,,
N11 ELS 020,N11-ELS-020,[ELS2006] N11 020,N11-ELS-020,ELS2006-N11-020,N11 ELS 20,N11 020,N11-020,N11-020|N11_20,N11_20,,,,,,,,,,,,,,
N11 ELS 013,N11-ELS-013,[ELS2006] N11 013,,N11-013,PGMW3223,N11 ELS 13,N11 013,N11_13,PGMW-3223,[PGMW]_3223,,,,,,,,,,,,,
PGMW 3120,PGMW-3120,PGMW 3120,,LH10-3120,PGMW3120,[PGMW]_3120,LH103102,[PGMW]_3103,[PGMW]_3115,[PGMW]_3128,[PGMW]_3102,,,,,,,,,,,,
SK -67 2,SK-67D2,SK -67 2,,SK-672,SK-67 2,SK_-672,,,,,,,,,,,,,,,,,
SK -65 22,SK-65D22,SK -65 22,,SK-6522,SK-65 22,SK-65-22,HD270952,SK_-6522,,,,,,,,,,,,,,,
SK -65 47,SK-65D47,SK -65 47,,SK-6547,SK-65 47,SK-65-47,SK_-6547,,,,,,,,,,,,,,,,
SK -67 166,SK-67D166,SK -67 166,SK-67D166,HD 269698,HD-269698,W61 25-5,LMCE 1083,LH 76-1,RMC 115,SK-67 166|SK_-67166,SK-67D166-BKGD,BKGD,STIMLAMP,SK-67 166,SK_-67166,,,,,,,,
LMC X-4,LMCX-4,X LMC X-4,,4U0532-664,LMC-X-4,,,,,,,,,,,,,,,,,,
SK -69 175,SK-69D175,SK -69 175,,SK-69175,SK-69 175,HDE269687,,,,,,,,,,,,,,,,,
SK -69 246,SK-69D246,SK -69 246,,SK-69246,SK-69 246,HD38282,SK_-69246,BAT99_118,,,,,,,,,,,,,,,
SK -66 172,SK-66D172,SK -66 172,,SK-66172,SK-66 172,SK_-66172,,,,,,,,,,,,,,,,,
SK -68 129,SK-68D129,SK -68 129,,SK-68129,SK-68 129,[M2002]_165542,,,,,,,,,,,,,,,,,
SK -66 19,SK-66D19,SK -66 19,,SK-6619,SK-66 19,,,,,,,,,,,,,,,,,,
UCAC3 42-30814,UCAC3-42-30814,UCAC3 42-30814,,AAOMEGA-30DOR-187,,,,,,,,,,,,,,,,,,,
SK -69 224,SK-69D224,SK -69 224,,HD38029,HD-38029,HD 38029B,GAIA DR3 4657667216778066560,HD 38029,,,,,,,,,,,,,,,
VFTS 352,VFTS-352,VFTS 352,,VFTS352,,,,,,,,,,,,,,,,,,,
NGC2004 ELS 026,NGC2004-ELS-026,CL* NGC 2004 ELS 26,,NGC2004-B15,NGC2004-ROB-B15,NGC2004 26,NGC2004 ELS 26,NGC2004-ELS-26,NGC2004_26,,,,,,,,,,,,,,
ST92 5-31,ST92-5-31,ST92 5-31,,AAOMEGA-30DOR-333,,,,,,,,,,,,,,,,,,,
UCAC3 42-33014,UCAC3-42-33014,UCAC3 42-33014,,AAOMEGA-30DOR-368,,,,,,,,,,,,,,,,,,,
SK -69 220,SK-69D220,SK -69 220,,SK-69220,SK-69 220,,,,,,,,,,,,,,,,,,
SK -67 104,SK-67D104,SK -67 104,,SK-67104,SK-67 104,SK-67.104,SK_-67104,,,,,,,,,,,,,,,,
BI 214,BI-214,BI 214,,AAOMEGA-30DOR-142,BI214,,,,,,,,,,,,,,,,,,
SK -68 112,SK-68D112,SK -68 112,,SK-68112,SK-68 112,2DFL-51-50,,,,,,,,,,,,,,,,,
VFTS 87,VFTS-87,VFTS 87,,2MASS-J05373664-6907318,VFTS87,,,,,,,,,,,,,,,,,,
VFTS 96,VFTS-96,VFTS 96,,2MASS-J05373854-6910199,VFTS96,,,,,,,,,,,,,,,,,,
VFTS 180,VFTS-180,VFTS 180,VFTS-180,BREY-74A,LH 99-3,[L72] LH 99-3,VFTS180,LH99-3,TSWR3|BAT99_93|VFTS180,BAT99 93,TSWR3,BAT99_93,,,,,,,,,,,
VFTS 440,VFTS-440,VFTS 440,,VFTS440,,,,,,,,,,,,,,,,,,,
NGC 1818 ROB D1,NGC1818-ROB-D1,CL* NGC 1818 ROB D1,,NGC1818-D1,NGC1818 ROB D1,,,,,,,,,,,,,,,,,,
SK -66 51,SK-66D51,SK -66 51,,SK-6651,SK-66 51,HD33133,HD_33133,,,,,,,,,,,,,,,,
AV 14,AV-14,AZV 14,AV14,LIN-78,AZV-14,AZV14,SK9,SK-9,AV14|AV_14,AV_14,,,,,,,,,,,,,
AV 177,AV-177,AZV 177,,AZV-177,AZV177,AV177,[M2002]_38024,,,,,,,,,,,,,,,,
AV 388,AV-388,AZV 388,,AZV-388,AZV388,AV388,[M2002]_62400,,,,,,,,,,,,,,,,
AV 75,AV-75,AZV 75,,AZV-75,AZV75,AV75,[M2002]_16828,,,,,,,,,,,,,,,,
AV 377,AV-377,AZV 377,,AZV-377,AZV377,AV377,[2DFS]_1971,,,,,,,,,,,,,,,,
AV 476,AV-476,AZV 476,,AZV-476,AZV476,DACHS-SMC-3-10,AV476,[M2002]_74608,,,,,,,,,,,,,,,
AV 446,AV-446,AZV 446,,AZV-446,AZV446,AV446,[M2002]_69555,,,,,,,,,,,,,,,,
AV 243,AV-243,AZV 243,,AZV-243,AZV243,SK84,SK-84,AV243,[M2002]_48019,,,,,,,,,,,,,,
NGC346 ELS 051,NGC346-ELS-051,CL* NGC 346 ELS 051,NGC346-ELS-51,NGC-346-MPG-523,CL-NGC-346-MPG-523,NGC346-MPG-523,NGC346 523,NGC346 51,NGC346 ELS 51,NGC346-51,NGC 346-051|NGC346_51,NGC 346-051,NGC346_51,,,,,,,,,,
NGC346 ELS 031,NGC346-ELS-031,CL* NGC 346 ELS 031,NGC346-ELS-31,NGC-346-ELS-031,CL-NGC-346-ELS-031,NGC346 31,NGC346 ELS 31,NGC346-31,NGC 346-031|NGC346_31,NGC 346-031,NGC346_31,,,,,,,,,,,,
NGC346 ELS 046,NGC346-ELS-046,CL* NGC 346 ELS 046,NGC346-ELS-46,NGC-346-ELS-031,CL-NGC-346-ELS-046,NGC346 46,NGC346 ELS 46,NGC 346-046|NGC346_46,NGC346-46,NGC 346-046,NGC346_46,,,,,,,,,,,,
AV 148,AV-148,AZV 148,AV148,AZV-148,AZV148,AV 148|[M2002]_27731,[M2002]_27731,,,,,,,,,,,,,,,,
NGC346 ELS 050,NGC346-ELS-050,CL* NGC 346 ELS 050,NGC346-ELS-50,CL-NGC-346-MPG-299,NGC-346-MPG-299,NGC346-MPG-299,NGC346 299,NGC346-299,CL-NGC346-ELS-050,NGC346 50,NGC346 ELS 50,NGC 346-050|NGC346_50,NGC346-50,NGC 346-050,NGC346_50,,,,,,,,
AV 267,AV-267,AZV 267,,AZV-267,AZV267,AV267,[M2002]_50825,,,,,,,,,,,,,,,,
AV 456,AV-456,AZV 456,,AZV-456,AZV456,SK143,SK-143,AV456,[M2002]_71614,,,,,,,,,,,,,,
AV 479,AV-479,AZV 479,,AZV479,AZV-479,SK155,SK-155,AV479,,,,,,,,,,,,,,,
AV 6,AV-6,AZV 6,AV6,AZV-6,AZV6,AV 6|[2DFS]_5002,[2DFS]_5002,,,,,,,,,,,,,,,,
AV 307,AV-307,AZV 307,AV307,AZV-307,AZV307,AV 307|[M2002]_53902,[M2002]_53902,,,,,,,,,,,,,,,,
AV 468,AV-468,AZV 468,AV468,AZV-468,AZV468,AV 468|[M2002]_72941,[M2002]_72941,,,,,,,,,,,,,,,,
AV 189,AV-189,AZV 189,,AZV-189,AZV189,AV189,,,,,,,,,,,,,,,,,
AV 326,AV-326,AZV 326,,AZV-326,AZV326,AV326,,,,,,,,,,,,,,,,,
AV 43,AV-43,AZV 43,,AZV-43,AZV43,AV43,,,,,,,,,,,,,,,,,
AV 304,AV-304,AZV 304,,AZV-304,AZV304,AV304,AV_304,,,,,,,,,,,,,,,,
NGC346 ELS 043,NGC346-ELS-043,CL* NGC 346 ELS 43,,NGC346-11,NGC346-MPG-11,NGC346 11,N346-11,NGC346 43,NGC346-43,NGC346 ELS 43,NGC346-ELS-43,NGC346_43,,,,,,,,,,,
AV 261,AV-261,AZV 261,AV261,AZV-261,AZV261,AV 261|[M2002]_50178,[M2002]_50178,,,,,,,,,,,,,,,,
AV 215,AV-215,AZV 215,,AZV-215,AZV215,SK76,SK-76,AV215,[M2002]_44828,,,,,,,,,,,,,,
NGC330 ELS 002,NGC330-ELS-002,CL* NGC 330 ELS 2,,NGC330-A02,NGC330-ARP014,N330A02,NGC330 ELS 02,NGC 330 ELS 2,NGC330 2,NGC330-2,NGC330 ELS 2,NGC330-ELS-02,,,,,,,,,,,
AV 210,AV-210,AZV 210,,AZV-210,AZV210,SK73,SK-73,AV210,[M2002]_43844,,,,,,,,,,,,,,
AV 242,AV-242,AZV 242,,AZV-242,AZV242,SK85,SK-85,AV242,AV_242,,,,,,,,,,,,,,
AV 423,AV-423,AZV 423,,AZV-423,AZV423,SK132,SK-132,AV423,[M2002]_66415,,,,,,,,,,,,,,
AV 296,AV-296,AZV 296,AV296,AZV-296,AZV296,AV 296|[M2002]_52948,[M2002]_52948,,,,,,,,,,,,,,,,
AV 232,AV-232,AZV 232,,AZV-232,AZV232,SK80,SK-80,AV232,,,,,,,,,,,,,,,
NGC346 ELS 007,NGC346-ELS-007,CL* NGC 346 ELS 7,,NGC346-MPG-324,NGC346-NMC-032,NGC346-SSN-13,NGC346-W-006,NGC346-324,N346-324,NGC346 ELS 07,NGC346 7,NGC346 ELS 7,NGC346-ELS-07,NGC346_7,NGC346-6,[MPG]_324,[MPG]_355,,,,,,
NGC346 ELS 028,NGC346-ELS-028,CL* NGC 346 ELS 028,NGC346-ELS-28,NGC346-MPG-113,NGC346-113,NGC346-113-OFFSET,NGC346-28,N346-113,NGC346 28,NGC346 ELS 28,NGC 346-028|NGC346_28,NGC 346-028,NGC346_28,,,,,,,,,,
NGC346 MPG 355,NGC346-MPG-355,CL* NGC 346 MPG 355,NGC346-MPG-355,NGC346-NMC-029,NGC346-W-003,NGC346-SSN-009,NGC346-355,NGC346-355-OFFSET,N346-355,NGC346 355,[MPG]-355|[MPG]_355,NGC346-3,[MPG]-355,[MPG]_355,,,,,,,,,
NGC346 MPG 435,NGC346-MPG-435,CL* NGC 346 W 1,NGC346-MPG-435,CL-NGC-346-SSN-7,NGC346-NMC-026,NGC346-435,N346-435,NGC346-1,NGC346 435,NGC346-1|NGC346_1,NGC346-1,NGC346_1,,,,,,,,,,,
NGC346 MPG 368,NGC346-MPG-368,CL* NGC 346 MPG 368,NGC346-MPG-368,NGC346-NMC-028,NGC346-SSN-015,NGC346-368,N346-368,NGC-346-SSN-15,NGC330 MPG 368,NGC346 368,[MPG]-368|[MPG]_368,[MPG]-368,[MPG]_368,,,,,,,,,,
NGC346 ELS 026,NGC346-ELS-026,CL* NGC 346 ELS 26,,NGC346-MPG-012,NGC346-12,NGC346-26,N346-12,NGC346 26,NGC346 ELS 26,NGC346-ELS-26,NGC346_26,,,,,,,,,,,,
AV 104,AV-104,AZV 104,,AZV-104,AZV104,AV104,[M2002]_20656,,,,,,,,,,,,,,,,
AV 321,AV-321,AZV 321,,AZV-321,AZV321,AV321,[M2002]_54958,,,,,,,,,,,,,,,,
AV 95,AV-95,AZV 95,,AZV-95,AZV95,AV95,[M2002]_19650,,,,,,,,,,,,,,,,
AV 83,AV-83,AZV 83,,AZV-83,AZV83,AV83,[M2002]_17927,,,,,,,,,,,,,,,,
AV 80,AV-80,AZV 80,,AZV-80,AZV80,AV80,[M2002]_17457,,,,,,,,,,,,,,,,
AV 362,AV-362,AZV 362,,AZV-362,AZV362,SK114,SK114,SK-114,AV362,,,,,,,,,,,,,,
AV 69,AV-69,AZV 69,,AZV-69,AZV69,SK34,SK34,SK-34,AV69,[M2002]_16056,,,,,,,,,,,,,
AV 70,AV-70,AZV 70,AV70,AZV-70,AZV70,SK35,SK-35,SK35,AV70,AZV70|AV_70,AZV70,AV_70,,,,,,,,,,,
AV 327,AV-327,AZV 327,,AZV-327,AZV327,AV327,[M2002]_55537,,,,,,,,,,,,,,,,
2DFS 2553,2DFS-2553,2DFS 2553,2DFS-2553,2DFS 2553,MA93-1694,[2DFS]-2553|[2DFS]_2553,[2DFS]-2553,[2DFS]_2553,,,,,,,,,,,,,,,
AV 207,AV-207,AZV 207,AV207,AZV207,AZV-207,AV207,AV 207|[M2002]_43724,AV 207,[M2002]_43724,,,,,,,,,,,,,,
AV 469,AV-469,AZV 469,AV469,AZV-469,AZV469,SK148,SK-148,SK148,AV469,AV 469|[M2002]_73337,[M2002]_73337,AV 469,[M2002]_73337,,,,,,,,,,
AV 61,AV-61,AZV 61,AV61,AZV-61,AZV61,SK32,SK-32,SK32,AV61,AV 61|[M2002]_15271,AV 61,[M2002]_15271,,,,,,,,,,,
AV 81,AV-81,AZV 81,AV81,AZV-81,AZV81,LIN-160,SK41,SK41,AV81,SMC-WR4|AV81|SK41,SK 41,[M2002]_17438,SMC-WR4,AV81,SK41,,,,,,,,
AV 22,AV-22,AZV 22,,AZV-22,AZV22,SK15,SK15,SK-15,SK.15,AV22,[2DFS]_5015,,,,,,,,,,,,
AV 18,AV-18,AZV 18,,AZV-18,AZV18,SK13,SK13,SK-13,AV18,,,,,,,,,,,,,,
AV 16,AV-16,AZV 16,,AZV16,RMC-4,SK11,SK11,SK-11,AV16,R_4,,,,,,,,,,,,,
AV 47,AV-47,AZV 47,,AZV-47,AZV47,AV47,[M2002]_11925,,,,,,,,,,,,,,,,
AV 15,AV-15,AZV 15,,AZV-15,AZV15,SK10,SK10,SK-10,AV15,[M2002]_7437,,,,,,,,,,,,,
AV 490,AV-490,AZV 490,,AZV490,SK10,SK10,SMC-X-1,4U0115-737,SK-10,AV490,[M2002]_77458,,,,,,,,,,,,
SK 183,SK-183,SK 183,SK183,SK183,SK183,NGC602-HTCP-008,[SMCSGS-FS]-231|[SMCSGS-FS]_231|SK 183,[SMCSGS-FS]-231,[SMCSGS-FS]_231,SK 183,,,,,,,,,,,,,
NGC330 ELS 004,NGC330-ELS-004,CL* NGC 330 ELS 4,,NGC330-ROB-B37,NGC330-B37,N330B37,NGC330 ELS 04,NGC330 4,NGC330-4,NGC330 ELS 4,NGC330-ELS-04,,,,,,,,,,,,
SK 191,SK-191,SK 191,,SK191,SK.191,SK191,,,,,,,,,,,,,,,,,
AV 454,AV-454,AZV 454,,AZV-454,AZV454,SK142,SK-142,SK142,AV454,,,,,,,,,,,,,,
AV 216,AV-216,AZV 216,,AZV-216,AV216,[M2002]_44984,,,,,,,,,,,,,,,,,
AV 258,AV-258,AZV 258,,AZV-258,AV258,,,,,,,,,,,,,,,,,,
NGC330 ROB A1,NGC330-ROB-A1,CL* NGC330 ARP 13,,NGC330-A01,NGC330-ARP-013,N330A01,NGC330 A1,,,,,,,,,,,,,,,,
NGC330 ROB B22,NGC330-ROB-B22,CL* NGC330 ARP 45,,NGC330-ARP-45,NGC330-B22,N330B22,NGC330 B22,,,,,,,,,,,,,,,,
AV 287,AV-287,AZV 287,,AZV287,AZV-287,AV287,SK101,SK101,SK-101,,,,,,,,,,,,,,
NGC346 ELS 022,NGC346-ELS-022,CL* NGC 346 ELS 22,,NGC346-MPG-682,NGC346-682,CL-NGC-346-MPG-682,N346-682,NGC346 22,NGC346 ELS 22,NGC346-ELS-22,,,,,,,,,,,,,
NGC346 MPG 602,NGC346-MPG-602,CL* NGC346 SSN 25,,NGC346-SSN-025,NGC-346-SSN25,NGC346 602,,,,,,,,,,,,,,,,,
NGC346 MPG 487,NGC346-MPG-487,CL* NGC346 MPG 487,,NGC346-NMC-017,NGC346-SSN-018,NGC346-487,NGC346-487-REVISED,N346-487,NGC346 487,,,,,,,,,,,,,,
NGC346 MPG 342,NGC346-MPG-342,CL* NGC346 MPG 342,,NGC346-W-4,NGC346-SSN-011,NGC346-NMC-030,MPG-342,NGC346-11,NGC346 342,NGC346-4,,,,,,,,,,,,,
HD 5980,HD-5980,HD 5980,,AV229,HD5980,HD--005980,SK78,NGC346-MPG-755,AV 229,,,,,,,,,,,,,,
AV 170,AV-170,AZV 170,,AZV-170,AZV170,AV170,[M2002]_34457,,,,,,,,,,,,,,,,
AV 220,AV-220,AZV 220,,AZV-220,AZV220,AV220,[M2002]_45521,,,,,,,,,,,,,,,,
MOA J010321.3-720538,MOA-J010321M720538,MOA J010321.3-720538,,MOA-J010321-720538,H53-47,MOA-J010321.3M720538,MOA-J010321.3-720538,,,,,,,,,,,,,,,,
AV 317,AV-317,AZV 317,,AZV-317,AZV317,SK107,SK-107,SK107,AV317,,,,,,,,,,,,,,
AV 26,AV-26,AZV 26,,AZV-26,AZV26,SK18,SK18,SK-18,BBB-SMC-266,AV26,[M2002]_9337,,,,,,,,,,,,
AV 78,AV-78,AZV 78,,AZV-78,SK40,SK40,HD5045,AV78,,,,,,,,,,,,,,,
AV 39A,AV-39A,AZV 39A,AV39A,AZV39A,AZV-39A,SMC-AB-2,SMC-AB2,AV39A,SMC-WR2|AV39A,[M2002]_11046,SMC-WR2,AV39A,,,,,,,,,,,
SK 188,SK-188,SK 188,,SK188,SMC-AB8,LIN-547,SK188,W_21,[M2002]_83750,,,,,,,,,,,,,,
SK 190,SK-190,SK 190,,SK190,2DFS3975,SK190,[M2002]_83853,,,,,,,,,,,,,,,,
AV 435,AV-435,AZV 435,AV435,AZV-435,AZV435,AV435,AV 435|[M2002]_67670,AV 435,[M2002]_67670,,,,,,,,,,,,,,
AV 493,AV-493,AZV 493,,AZV-493,AZV493,AV493,,,,,,,,,,,,,,,,,
AV 480,AV-480,AZV 480,,AZV-480,LIN-508,2DFS 3047,AV480,,,,,,,,,,,,,,,,
NGC346 MPG 396,NGC346-MPG-396,CL* NGC346 MPG 396,,MPG-396,NGC346-SSN-17,NGC346 396,,,,,,,,,,,,,,,,,
OGLE J004942.75-731717.7,OGLE-J004942M731717,OGLE J004942.75-731717.7,,M2002 SMC 14324,OGLE-J004942-731717,OGLE-J004942.75-731717.7,,,,,,,,,,,,,,,,,
2DFS 5066,2DFS-5066,2DFS 5066,,OGLE SMC-SC6 246635,OGLE-SMC-SC6-246635,M2002 SMC 26122,,,,,,,,,,,,,,,,,
VW CHA,V-VW-CHA,VW CHA,V-VW-CHA,SZ 24,,,,,,,,,,,,,,,,,,,
RECX 1,RECX-1,RECX 1,RECX-1,EG CHA,,,,,,,,,,,,,,,,,,,
ECHA J0843.3-7915,ECHA-J0843M7915,ECHA J0843.3-7915,ECHA-J0843.3-7915,ET CHA,V-ET-CHA,RECX-15,ECHA-J0843-7915,ECHA-J0843.3-7915,,,,,,,,,,,,,,,
RECX 11,RECX-11,RECX 11,RECX-11,EP CHA,,,,,,,,,,,,,,,,,,,
SZ 68,SZ-68,SZ 68,SZ68,HT LUP,CD-33-10685,SZ68,RX J1545.2-3417,2MASS J15451286-3417305,GAIA-DR2-6014696841553696768,,,,,,,,,,,,,,
SSTC2D J160830.7-382827,SSTC2D-J160830M382827,SSTC2D J160830.7-382827,SSTC2DJ160830.7-382827,MJS2008-50,TYC-7851-810-1,SSTC2D J160830.7-382827,SSTC2D-J160830.7-382827,2MASS J16083070-3828268,GAIA-DR2-5997490206145065088,SSTC2DJ160830-382827,SSTC2DJ160830.7-382827,TYC 7851-810-1,GAIA DR3 5997490206145065088,SSTC2DJ160830M382827,SSTC2DJ160830.7-382827,,,,,,,,
RY LUP,V-RY-LUP,RY LUP,V-RY-LUP,HBC 252,RY-LUP,RY LUP,,,,,,,,,,,,,,,,,
MY LUP,V-MY-LUP,MY LUP,V-MY-LUP,CD-41 10484,2MASS J16004452-4155310,SSTC2D J160044.5-415531,GAIA-DR2-5995177933191206016,MJS2008-150,MY LUP,,,,,,,,,,,,,,
HARO 5-64B,HARO-5-64B,GAIA DR2 3217634162083288320,,,,,,,,,,,,,,,,,,,,,
CVSO-109B,CVSO-109B,CVSO-109B,,GAIA-DR3-3217630382512239232,GAIA EDR3 3217630382512239232,,,,,,,,,,,,,,,,,,
CVSO-109A,CVSO-109A,CVSO-109A,,,,,,,,,,,,,,,,,,,,,
CVSO-36A,CVSO-36A,CVSO-36A,,,,,,,,,,,,,,,,,,,,,
CVSO-36B,CVSO-36B,CVSO-36B,,GAIA-DR3-3222268122555927936,GAIA EDR3 3222268122555927936,GAIA DR2 3222268122555927936,,,,,,,,,,,,,,,,,
CVSO-165A,CVSO-165A,CVSO-165A,,,,,,,,,,,,,,,,,,,,,
CVSO-165B,CVSO-165B,CVSO-165B,,,,,,,,,,,,,,,,,,,,,
GAIA DR3 3217473697810165504,GAIA-DR3-3217473697810165504,GAIA DR3 3217473697810165504,,GAIA EDR3 3217473697810165504,,,,,,,,,,,,,,,,,,,
CVSO 109,CVSO-109,CVSO 109,CVSO-109,CVSO109,,,,,,,,,,,,,,,,,,,
SZ 45,SZ-45,SZ 45,SZ45,T56,HBC 590,2MASS J11173700-7704381,RX J1117.6-7704,GAIA-DR2-5201272195086070144,SZ45,,,,,,,,,,,,,,
CV CHA,V-CV-CHA,CV CHA,V-CV-CHA,SZ42,SZ42,2MASS J11122772-7644223,RX J1112.5-7644,GAIA-DR2-5201295319189803392,T52,,,,,,,,,,,,,,
HD 104237,HD-104237,HD 104237,HD-104237A,HD104237,DX CHA,2MASS J12000511-7811346,RX J1200.1-7811,CD-77 528,V-DX-CHA,HD 104237A,HD-104237A,,,,,,,,,,,,
CVSO 107,CVSO-107,CVSO 107,CVSO-107,CVSO107,,,,,,,,,,,,,,,,,,,
CVSO 58,CVSO-58,CVSO 58,CVSO-58,CVSO58,,,,,,,,,,,,,,,,,,,
CVSO 90,CVSO-90,CVSO 90,CVSO-90,CVSO90,,,,,,,,,,,,,,,,,,,
CVSO 35,CVSO-35,CVSO 35,,CVSO35,OB1A1192,2MASS J05254589+0145500,,,,,,,,,,,,,,,,,
KISO A-0903 134,KISO-A-0903-134,KISO A-0903 134,,OB1A1630,2MASS J05265537+0140224,GAIA-DR2-3222237885987655424,OB1A1630,OB1A 1630,KISO-A-0903 134,,,,,,,,,,,,,,
CVSO 206,CVSO-206,CVSO 206,,CVSO206,OB1A776,KISO A-0903 109,GAIA-DR2-3222286505017306240,2MASS J05244103+0154386,,,,,,,,,,,,,,,
TWA 27,TWA-27,TWA 27,,2MASS J12073346-3932539,1207334-393254-KF,GAIA-DR2-3459372646830687104,TWOMASSWJ1207334-393254,,,,,,,,,,,,,,,,
2MASS-J15570234-1950419,2MASS-J15570234M1950419,2MASS J15570234-1950419,,2MASS-J15570234-1950419,,,,,,,,,,,,,,,,,,,
2MASS J15580815-2405529,2MASS-J15580815M2405529,2MASS J15580815-2405529,,2MASS-J15580815-2405529,,,,,,,,,,,,,,,,,,,
2MASS J15584772-1757595,2MASS-J15584772M1757595,2MASS J15584772-1757595,,2MASS-J15584772-1757595,,,,,,,,,,,,,,,,,,,
2MASS J16004277-2127380,2MASS-J16004277M2127380,2MASS J16004277-2127380,,2MASS-J16004277-2127380,,,,,,,,,,,,,,,,,,,
2MASS J16010801-2113184,2MASS-J16010801M2113184,2MASS J16010801-2113184,,2MASS-J16010801-2113184,,,,,,,,,,,,,,,,,,,
2MASS J16023910-2542078,2MASS-J16023910M2542078,2MASS J16023910-2542078,,2MASS-J16023910-2542078,,,,,,,,,,,,,,,,,,,
2MASS J16025123-2401574,2MASS-J16025123M2401574,2MASS J16025123-2401574,,2MASS-J16025123-2401574,,,,,,,,,,,,,,,,,,,
2MASS J16025243-2402226,2MASS-J16025243M2402226,2MASS J16025243-2402226,,2MASS-J16025243-2402226,,,,,,,,,,,,,,,,,,,
2MASS J16025396-2022480,2MASS-J16025396M2022480,2MASS J16025396-2022480,,2MASS-J16025396-2022480,,,,,,,,,,,,,,,,,,,
2MASS J16061254-2036472,2MASS-J16061254M2036472,2MASS J16061254-2036472,,2MASS-J16061254-2036472,,,,,,,,,,,,,,,,,,,
2MASS J16081474-1908327,2MASS-J16081474M1908327,2MASS J16081474-1908327,,2MASS-J16081474-1908327,,,,,,,,,,,,,,,,,,,
2MASS J16085673-2033460,2MASS-J16085673M2033460,2MASS J16085673-2033460,,2MASS-J16085673-2033460,,,,,,,,,,,,,,,,,,,
2MASS J16130271-2257446,2MASS-J16130271M2257446,2MASS J16130271-2257446,,2MASS-J16130271-2257446,,,,,,,,,,,,,,,,,,,
2MASS J16132929-2311075,2MASS-J16132929M2311075,2MASS J16132929-2311075,,2MASS-J16132929-2311075,,,,,,,,,,,,,,,,,,,
2MASS J16193396-2228294,2MASS-J16193396M2228294,2MASS J16193396-2228294,,2MASS-J16193396-2228294,,,,,,,,,,,,,,,,,,,
2MASS J16230783-2300596,2MASS-J16230783M2300596,2MASS J16230783-2300596,,2MASS-J16230783-2300596,,,,,,,,,,,,,,,,,,,
AB AUR,V-AB-AUR,AB AUR,,AB-AUR,HD 31293,BD+30 741,EM MWC 93,2MASS J04554582+3033043,GAIA-DR2-156917493449670656,,,,,,,,,,,,,,
BD-18 4244,BD-18-4244,BD-18 4244,,HBC 634,2MASS J16124051-1859282,RX J1612.6-1859,V1002 SCO,WA OPH 3,SCOPMS 52,,,,,,,,,,,,,,
BD-21 4301,BD-21-4301,BD-21 4301,,2MASS J16131858-2212489,GAIA-DR2-6242687277719794176,,,,,,,,,,,,,,,,,,
CD-22 11315,CD-22-11315,CD-22 11315,,RX J1603.6-2245,2MASS J16033550-2245560,GAIA-DR2-6243154501445899264,,,,,,,,,,,,,,,,,
CD-25 11113,CD-25-11113,CD-25 11113,,SSTC2D J154921.0-260007,RX J1549.3-2600,2MASS J15492100-2600062,GAIA-DR2-6234854283863638400,,,,,,,,,,,,,,,,
TW HYA,V-TW-HYA,TW HYA,V-TW-HYA,TWA 1,CD-34 7151,CD-34-7151,CD-34D7151,2MASS J11015191-3442170,TW-HYA,,,,,,,,,,,,,,
CO ORI,V-CO-ORI,CO ORI,,CO-ORI,BD+11 809,HBC 84,2MASS J05273833+1125389,GAIA-DR2-3339339958858842624,,,,,,,,,,,,,,,
CY TAU,V-CY-TAU,CY TAU,,CY-TAU,V CY TAU,2MASS J04173372+2820468,GAIA-DR2-164698634160139264,,,,,,,,,,,,,,,,
DG TAU,V-DG-TAU,DG TAU,,DG-TAU,V DG TAU,2MASS J04270469+2606163,GAIA-DR2-151262700852297728,DGTAU,,,,,,,,,,,,,,,
DM TAU,V-DM-TAU,DM TAU,,DM-TAU,V DM TAU,2MASS J04334871+1810099,GAIA-DR2-3314282402395528192,HBC 62,,,,,,,,,,,,,,,
DQ TAU,V-DQ-TAU,DQ TAU,,DQ-TAU,V DQ TAU,2MASS J04465305+1700001,GAIA-DR2-3406269842981827712,,,,,,,,,,,,,,,,
DR TAU,V-DR-TAU,DR TAU,,DR-TAU,V DR TAU,2MASS J04470620+1658428,GAIA-DR2-3406081865148861440,HBC 74,,,,,,,,,,,,,,,
DS TAU,V-DS-TAU,DS TAU,,DS-TAU,V DS TAU,2MASS J04474859+2925112,GAIA-DR2-158249306976130176,,,,,,,,,,,,,,,,
LKCA 15,EM-LKCA-15,EM* LKCA 15,,EM LKCA 15,2MASS J04391779+2221034,V1079 TAU,GAIA-DR2-144936836795636864,LKCA 15,LKCA-15,,,,,,,,,,,,,,
LKCA 19,EM-LKCA-19,EM* LKCA 19,,EM LKCA 19,HD 282630,2MASS J04553695+3017553,V396 AUR,SSTC2D J045537.0+301755,GAIA-DR2-156900622818205312,LKCA 19,,,,,,,,,,,,,
LKCA 4,EM-LKCA-4,EM* LKCA 4,,EM LKCA 4,V1068 TAU,2MASS J04162810+2807358,GAIA-DR2-164666022471759232,V1068TAU,LKCA 4,,,,,,,,,,,,,,
EZ ORI,V-EZ-ORI,EZ ORI,,EZ-ORI,V EZ ORI,2MASS J05341856-0504479,RX J053418.5-050450,GAIA-DR2-3209539488761714432,,,,,,,,,,,,,,,
FU ORI,V-FU-ORI,FU ORI,,FU-ORI,V FU ORI,BD+09 5427,EM CDS 56621,2MASS J05452235+0904123,GAIA-DR2-3336092864798790144,,,,,,,,,,,,,,
GM AUR,V-GM-AUR,GM AUR,V-GM-AUR,GM-AUR,V GM AUR,2MASS J04551098+3021595,GAIA-DR2-156907907082740480,,,,,,,,,,,,,,,,
GSC 06208-00834,GSC-06208-00834,GSC 06208-00834,,2MASS J16063169-2036232,GAIA-DR2-6244023420566008192,,,,,,,,,,,,,,,,,,
GW ORI,V-GW-ORI,GW ORI,,GW-ORI,V GW ORI,HD 244138,BD+11 819,2MASS J05290838+1152126,GAIA-DR2-3340856533286969600,,,,,,,,,,,,,,
GX ORI,V-GX-ORI,GX ORI,,GX-ORI,V GX ORI,2MASS J05300203+1213357,GAIA-DR2-3340894500797788288,,,,,,,,,,,,,,,,
V397 AUR,V-V397-AUR,V397 AUR,,V397AUR,HBC-427,HBC 427,2MASS J04560201+3021037,SSTC2D J045602.0+302104,GAIA-DR2-156902512603777408,,,,,,,,,,,,,,
HD 142527,HD-142527,HD 142527,,CD-41 10447,2MASS J15564188-4219232,GAIA-DR2-5994826707951507200,HD142527,,,,,,,,,,,,,,,,
HD 163296,HD-163296,HD 163296,,BD-21 4779,EM MWC 275,2MASS J17562128-2157218,GAIA-DR2-4070355800839765248,,,,,,,,,,,,,,,,
HD 169142,HD-169142,HD 169142,,CD-29 14904,EM MWC 925,2MASS J18242978-2946492,GAIA-DR2-4048015133392824064,HD169142,,,,,,,,,,,,,,,
HD 139614,HD-139614,HD 139614,,HD139614,CD-42 10650,2MASS J15404638-4229536,GAIA-DR2-6001669793442284416,,,,,,,,,,,,,,,,
HD 141569,HD-141569,HD 141569,,HD141569,BD-03 3833,EM CDS 887,2MASS J15495775-0355162,GAIA-DR2-4399438153527026176,,,,,,,,,,,,,,,
RU LUP,V-RU-LUP,RU LUP,V-RU-LUP,V-RU-LUPI,SZ83,HD 142560,HD-142560,HD142560,CD-37 10602,,,,,,,,,,,,,,
HD 142666,HD-142666,HD 142666,,HD142666,BD-21 4228,2MASS J15564002-2201400,V1026 SCO,GAIA-DR2-6243489715051060480,,,,,,,,,,,,,,,
SU AUR,V-SU-AUR,SU AUR,,SU-AUR,HD 282624,HD-282642,HD282624,BD+30 743,2MASS J04555938+3034015,,,,,,,,,,,,,,
DF TAU,V-DF-TAU,DF TAU,,V DF TAU,HD 283654,HD-283654,HD283654,2MASS J04270280+2542223,GAIA-DR2-151179966897747840,,,,,,,,,,,,,,
T TAU,V-T-TAU,T TAU,,HD 284419,T-TAU,HD284419,BD+19 706,2MASS J04215943+1932063,GAIA-DR2-48192969034959232,,,,,,,,,,,,,,
HK ORI,V-HK-ORI,HK ORI,,HKORI,EM MWC 497,HBC 94,2MASS J05312805+1209102,GAIA-DR2-3340972119446813440,,,,,,,,,,,,,,,
KK OPH,V-KK-OPH,KK OPH,,KKOPH,EM AS 220,CD-27 11501,HBC273,2MASS J17100811-2715190,GAIA-DR1-4108644089918660736,,,,,,,,,,,,,,
RW AUR,V-RW-AUR,RW AUR,,V* RW AUR A,HD240764,NAME-RW-AUR-A,RW-AUR,2MASS J05074953+3024050,BD+30 792,RW-AUR-A,V-RW-AUR-A,,,,,,,,,,,,
UX TAU A,V-UX-TAU-A,V* UX TAU A,,NAME-UX-TAU-A,BD+17 736A,HD 285846A,2MASS J04300399+1813493,SSTC2D J043004.0+181349,GAIA-DR2-3314508622616073472,,,,,,,,,,,,,,
WA OPH 2,V-V1001-SCO,V1001 SCO,,WA OPH 2,NAME-V-V1001-SCO-A,RX J1612.0-1906,2MASS J16115927-1906532,GAIA-DR2-6245812948756034816,,,,,,,,,,,,,,,
HD 294260,HD-294260,HD 294260,,P2441,CHN 18,BD-04 1191,HBC 484,KISO A-0976 283,,,,,,,,,,,,,,,
MP MUS,V-MP-MUS,MP MUS,,PDS-66,CPD-68 1894,2MASS J13220753-6938121,GAIA-DR2-5844296281847839232,PDS 66,,,,,,,,,,,,,,,
[PGZ2001] J161031.9-191305,PGZ2001-J161031M191305,[PGZ2001] J161031.9-191305,,2MASS J16103196-1913062,GAIA-DR2-6245761404851201408,PGZ2001-J161031-191305,[PGZ2001] J161031.9-191305,PGZ2001-J161031.9-191305,,,,,,,,,,,,,,,
[PZ99] J161019.1-250230,PZ99-J161019M250230,[PZ99] J161019.1-250230,,2MASS J16101918-2502301,GAIA-DR2-6049748791208799488,PZ99 J161019-250230,PZ99-J161019-250230,[PZ99] J161019.1-250230,PZ99-J161019.1-250230,,,,,,,,,,,,,,
RR TAU,V-RR-TAU,RR TAU,,RRTAU,BD+26 887A,EM AS 103,HBC 170,2MASS J05393051+2622269,GAIA-DR2-3441021939498830976,,,,,,,,,,,,,,
RY TAU,V-RY-TAU,RY TAU,,RY-TAU,RYTAU,HD 283571,BD+28 645,2MASS J04215740+2826355,GAIA-DR2-164551162164119424,,,,,,,,,,,,,,
HD 135344B,HD-135344B,HD 135344B,,CPD-36 6759,CD-36 10010B,SAO-206462,2MASS J15154844-3709160,GAIA-DR2-6199395656645838976,HD135344B,,,,,,,,,,,,,,
2MASS J04390163+2336029,2MASS-J04390163P2336029,2MASS J04390163+2336029,,GAIA-DR2-146764809236423808,SCHJ0439016+2336030,2MASS-J04390163+2336029,,,,,,,,,,,,,,,,,
V1146 SCO,V-V1146-SCO,V1146 SCO,,RX J155720.1-233847,2MASS J15571998-2338499,SCOPMS 15,GAIA-DR2-6237039975541812992,SCOPMS15,,,,,,,,,,,,,,,
V1154 SCO,V-V1154-SCO,V1154 SCO,,SCOPMS23,RX J160210.1-224128,2MASS J16021045-2241280,SCOPMS 23,GAIA-DR2-6243172643388011008,,,,,,,,,,,,,,,
V1157 SCO,V-V1157-SCO,V1157 SCO,,SCOPMS 45,SCOPMS45,2MASS J16112057-1820549,GAIA-DR2-6248926520870519680,,,,,,,,,,,,,,,,
SZ 102,SZ-102,SZ 102,,SZ102,SZ 102,V-V1190-SCO,HBC 617,2MASS J16082972-3903110,GAIA-DR2-5997083008890845184,THA15-28,,,,,,,,,,,,,
T CHA,V-T-CHA,T CHA,,T-CHA,RX J1157.2-7921,SSTC2D J115713.5-792131,FLG2003 EPS CHA 26,2MASS J11571348-7921313,GAIA-DR2-5199981334075581696,,,,,,,,,,,,,,
T ORI,V-T-ORI,T ORI,,TORI,BD-05 1329,EM MWC 763,HBC 154,2MASS J05355043-0528349,GAIA-DR2-3017347673735214592,,,,,,,,,,,,,,
TWA 2,TWA-2,TWA 2,,CD-29 8887,RX J110912-30011,2MASS J11091380-3001398,GAIA-DR2-5452498537466667776,,,,,,,,,,,,,,,,
TWA 3A,TWA-3A,TWA 3A,,GAIA-DR2-5396978667759696000,,,,,,,,,,,,,,,,,,,
CE ANT,V-CE-ANT,CE ANT,,TWA 7,TWA-7,RX J104230.3-334014,2MASS J10423011-3340162,GAIA-DR2-5444751795151480320,,,,,,,,,,,,,,,
UZ TAU E,V-UZ-TAU-E,V* UZ TAU E,,V UZ TAU A,UZ-TAU-E,2MASS J04324303+2552311,GAIA-DR2-151045650384137600,,,,,,,,,,,,,,,,
AA TAU,V-AA-TAU,AA TAU,,2MASS J04345542+2428531,GAIA-DR2-147818450613367424,HBC 63,,,,,,,,,,,,,,,,,
AK SCO,V-AK-SCO,AK SCO,,HD 152404,CD-36 11056,CPD-36 7072,2MASS J16544485-3653185,GAIA-DR2-5971474902099064576,,,,,,,,,,,,,,,
BP TAU,V-BP-TAU,BP TAU,V-BP-TAU,V BP TAU,HD 281934,2MASS J04191583+2906269,GAIA-DR2-164832740220756608,BP-TAU,,,,,,,,,,,,,,,
CS CHA,V-CS-CHA,CS CHA,V-CS-CHA,V CS CHA,CHX 4,SSTC2D J110225.0-773336,2MASS J11022491-7733357,GAIA-DR2-5201179389431267584,SZ 9,CS CHA,,,,,,,,,,,,,
CW TAU,V-CW-TAU,CW TAU,,V CW TAU,2MASS J04141700+2810578,GAIA-DR2-163184091252903936,CW-TAU,,,,,,,,,,,,,,,,
DE TAU,V-DE-TAU,DE TAU,,V DE TAU,2MASS J04215563+2755060,GAIA-DR2-152511475478780416,,,,,,,,,,,,,,,,,
DK TAU,V-DK-TAU,DK TAU,,V DK TAU,2MASS J04304425+2601244,DK TAU A,V-DK-TAU-A,DK-TAU-A,,,,,,,,,,,,,,,
DN TAU,V-DN-TAU,DN TAU,,V DN TAU,2MASS J04352737+2414589,GAIA-DR2-147606657186323712,HBC 65,,,,,,,,,,,,,,,,
FM TAU,V-FM-TAU,FM TAU,,V FM TAU,2MASS J04141358+2812492,GAIA-DR2-163184366130809472,HBC 23,,,,,,,,,,,,,,,,
HN TAU,V-HN-TAU,HN TAU,,V HN TAU,2MASS J04333935+1751523,GAIA-DR2-3314237734735803392,HN TAU A,HN-TAU,V* HN TAU,,,,,,,,,,,,,,
IP TAU,V-IP-TAU,IP TAU,,EM LKCA 8,EM-LKCA-8,RX J0424.9+2711,2MASS J04245708+2711565,GAIA-DR2-152226491513195648,HBC 385,,,,,,,,,,,,,,
SZ CHA,V-SZ-CHA,SZ CHA,,CHX 2,2MASS J10581677-7717170,GAIA-DR2-5201199348142249216,,,,,,,,,,,,,,,,,
T CRA,V-T-CRA,T CRA,,2MASS J19015878-3657498,GAIA-DR2-6731196273845607168,,,,,,,,,,,,,,,,,,
V1152 SCO,V-V1152-SCO,V1152 SCO,,CD-22 11298,SCOPMS 21,RX J160126.1-224047,2MASS J16012563-2240403,,,,,,,,,,,,,,,,
V1156 SCO,V-V1156-SCO,V1156 SCO,,SCOPMS 27,RX J1604.7-1930,2MASS J16044776-1930230,GAIA-DR2-6247231181322707328,,,,,,,,,,,,,,,,
V2505 OPH,V-V2505-OPH,V2505 OPH,,BD-21 4369,SCOPMS 214,SSTC2D J162948.7-215212,GAIA-DR2-6052280004416392320,,,,,,,,,,,,,,,,
V1044 ORI,V-V1044-ORI,V1044 ORI,,RX J053417.6-053643,2MASS J05341646-0536455,GAIA-DR2-3017260709226477056,V1044-ORI,,,,,,,,,,,,,,,,
V1070 TAU,V-V1070-TAU,V1070 TAU,,V1070TAU,EM LKCA 7,SSTC2D J041941.3+274948,2MASS J04194127+2749484,GAIA-DR2-164422961683000320,,,,,,,,,,,,,,,
V1098 TAU,V-V1098-TAU,V1098 TAU,,V1098TAU,EM LKCA 3,SSTC2D J041448.0+275235,2MASS J04144797+2752346,GAIA-DR2-163157325014927360,,,,,,,,,,,,,,,
V2129 OPH,V-V2129-OPH,V2129 OPH,,V2129-OPH,EM SR 9,CD-24 12689,SSTC2D J162740.3-242204,GAIA DR3 6049153921054413440,,,,,,,,,,,,,,,
V4046 SGR,V-V4046-SGR,V4046 SGR,,V4046SGR,HD 319139,CD-32 13906,EM AS 292,2MASS J18141047-3247344,GAIA DR2 4045698423617983488,,,,,,,,,,,,,,
V410 TAU,V-V410-TAU,V410 TAU,,V410-TAU,HD 283518,BD+28 637,2MASS J04183110+2827162,GAIA DR3 164518589131083136,,,,,,,,,,,,,,,
V819 TAU,V-V819-TAU,V819 TAU,,V819-TAU,WK81 1,2MASS J04192625+2826142,GAIA DR3 164504467278644096,,,,,,,,,,,,,,,,
V826 TAU,V-V826-TAU,V826 TAU,,V826TAU,RX J043215.8+180139,2MASS J04321583+1801387,GAIA DR3 3314258999116827776,,,,,,,,,,,,,,,,
V827 TAU,V-V827-TAU,V827 TAU,,V827TAU,2MASS J04321456+1820147,GAIA DR3 3314338163954491136,,,,,,,,,,,,,,,,,
V830 TAU,V-V830-TAU,V830 TAU,,V830TAU,SSTC2D J043310.0+243343,2MASS J04331003+2433433,GAIA DR3 147831571737487488,,,,,,,,,,,,,,,,
V836 TAU,V-V836-TAU,V836 TAU,,V836-TAU,SSTC2D J050306.6+252320,2MASS J05030659+2523197,GAIA DR3 3420008412568724736,,,,,,,,,,,,,,,,
V SER,V-V-SER,V SER,,VVSER,HD 167655,BD-15 4905,2MASS J18164912-1531070,,,,,,,,,,,,,,,,
V1000 SCO,V-V1000-SCO,V1000 SCO,,WA OPH 1,WA-OPH-1,SCOPMS 44,SSTC2D J161108.9-190447,GAIA DR3 6245770063505264256,,,,,,,,,,,,,,,
XY PER,V-XY-PER,XY PER,,XYPER,HD 275877,AG+38 424,BD+38 811,2MASS J03493638+3858556,GAIA DR3 223935338503901952,,,,,,,,,,,,,,
XX CHA,V-XX-CHA,XX CHA,V-XX-CHA,2MASS J11113965-7620152,XX CHA,T49,,,,,,,,,,,,,,,,,
SSTC2D J161344.1-373646,SSTC2D-J161344M373646,SSTC2D J161344.1-373646,SSTC2DJ161344.1-373646,SSTC2DJ161344-373646,SSTC2DJ161344.1-373646,SSTC2DJ161344.1-373646,SSTC2DJ161344M373646,,,,,,,,,,,,,,,,
ECHA J0844.2-7833,ECHA-J0844M7833,ECHA J0844.2-7833,ECHA-J0844.2-7833,ECHA-J0844-7833,ECHA-J0844.2-7833,ECHA-J0844.2-7833,ECHA-J08442-7833,,,,,,,,,,,,,,,,
SSTC2D J160000.6-422158,SSTC2D-J160000M422158,SSTC2DJ160000.6-422158,SSTC2DJ160000.6-422158,SSTC2DJ160000-422158,SSTC2DJ160000.6-422158,SSTC2DJ160000.6-422158,SSTC2DJ160000M422158,,,,,,,,,,,,,,,,
RX J0438.6+1546,RX-J0438P1546,HD 285957,RXJ0438.6+1546,2MASSJ04383907+1546137,HD285957,RXJ0438+1546,RXJ0438.6+1546,RXJ0438.6+15462,RXJ0438P1546,RX J0438.6+15462,,,,,,,,,,,,,
GAIA DR3 5200232636905785728,GAIA-DR3-5200232636905785728,GAIA DR3 5200232636905785728,,GAIA EDR3 5200232636905785728,,,,,,,,,,,,,,,,,,,
NGC3109,NGC3109,NGC3109,,NGC3109-01,NGC3109-02,,,,,,,,,,,,,,,,,,
N206-FS 170,N206-FS-170,[RHH2018] 170,N206-FS-170,N206-FS 170,[N206-FS] 170,[N206-FS]_170,[RHH2018] 170,[N206-FS]-170,[N206-FS]-170|[N206-FS]_170,[N206-FS]-170,[N206-FS]_170,,,,,,,,,,,,
2MASSJ04383885+1546045,2MASS-J04383885P1546045,2MASS J04383885+1546045,,GAIA DR2 3309970392669539584,GAIA DR3 3309970392669539584,2MASSJ04383885+1546045,2MASSJ04383885+1546045,2MASSJ04383885P1546045,,,,,,,,,,,,,,,
N11 ELS 033,N11-ELS-033,[ELS2006] N11 033,LH9-89,N11 ELS 33,N11 33,LH9-89,LH 9-89,[L72] LH 9-89,PGMW 1005,GAIA DR3 4662154018793644928,N11-033|N11_33,N11-033,N11_33,,,,,,,,,,
N11 ELS 018,N11-ELS-018,[ELS2006] N11 018,N11-ELS-018,N11 ELS 18,N11 ELS 018,N11-ELS-18,PGMW 3053,GAIA DR3 4662155942939207808,N11 018,N11-018|N11_18,N11-018,PGMW-3053,N11-018,N11_18,,,,,,,,,
N11 ELS 038,N11-ELS-038,[ELS2006] N11 038,N11-ELS-038,N11 ELS 38,N11 038,N11-ELS-38,PGMW 3100,GAIA DR3 4662155835530951424,N11-038|N11_38,N11-038,N11-038,N11_38,,,,,,,,,,,
N11 ELS 060,N11-ELS-060,[ELS2006] N11 060,N11-ELS-060,N11 ELS 60,N11 ELS 060,N11-ELS-60,PGMW 3058,GAIA DR3 4662155839859943680,N11 060,N11-060,N11-060|N11_60,N11-060,N11_60,,,,,,,,,,
NGC 3109 EBU 07,NGC-3109-EBU-07,[EBU2007] 7,NGC-3109-EBU-07,NGC3109 EBU 07,NGC3109-EBU-07,NGC 3109 EBU 07,NGC-3109 EBU 07,,,,,,,,,,,,,,,,
NGC 3109 EBU 20,NGC-3109-EBU-20,[EBU2007] 20,NGC-3109-EBU-20,NGC3109 EBU 20,NGC3109-EBU-20,NGC 3109 EBU 20,NGC-3109 EBU 20,,,,,,,,,,,,,,,,
NGC 3109 EBU 34,NGC-3109-EBU-34,[EBU2007] 34,NGC-3109-EBU-34,NGC3109 EBU 34,NGC3109-EBU-34,NGC 3109 EBU 34,,,,,,,,,,,,,,,,,
SEXTANS A LGN S004,SEXTANS-A-LGN-S004,[VPW98] 1805,SEXTANS-A-GHN-S4,SEXTANS-A GHN S4,SEXTANS A GHN S4,LGN-S004,LGGS J101057.89-044310.2,SEXTANS-A-GHN-S4,,,,,,,,,,,,,,,
SEXTANS A LGN S003,SEXTANS-A-LGN-S003,[VPW98] 1670,SEXTANS-A-GHN-S2,SEXTANS-A GHN S2,SEXTANS A GHN S2,GAIA DR3 3779987321206922624,LGN-S003,LGGS J101058.59-044328.9,SEXTANS-A-GHN-S2,,,,,,,,,,,,,,
SEXTANS A LGN S071,SEXTANS-A-LGN-S071,[VPW98] 412,SEXTANS-A-GHN-S8,SEXTANS-A GHN S8,SEXTANS A GHN S8,GAIA DR3 3779987733523729280,LGN-S071,LGGS J101105.69-044213.6,SEXTANS-A-GHN-S8,,,,,,,,,,,,,,
SSTC2D J161243.8-381503,SSTC2D-J161243M381503,SSTC2D J161243.8-381503,SSTC2DJ161243.8-381503,SSTC2DJ161243-381503,SSTC2DJ161243M381503,SSTC2DJ161243.8-381503,SSTC2DJ161243.8-381503,SSTC2DJ161243M381503,,,,,,,,,,,,,,,
PGMW 1363,PGMW-1363,PGMW 1363,LH9-34,LH 9-34,LH9-34,L72 LH 9-34,BI-184,[PGMW]-1363,[PGMW]_1363,[PGMW]-1363|[PGMW]_1363,[PGMW]-1363,[PGMW]_1363,,,,,,,,,,,
N11 ELS 051,N11-ELS-051,[ELS2006] N11 051,N11-ELS-051,GAIA DR3 4662156630134021376,N11 ELS 51,N11 051,N11-051|N11_51,N11-051,N11-051,N11_51,,,,,,,,,,,,,
N11 ELS 031,N11-ELS-031,[ELS2006] N11 031,N11-ELS-031,[L72] LH 10-3061,PGMW 3061,GAIA DR3 4662155839859944064,N11 031,N11 ELS 31,LH 10-3061,LH10-3061,N11-031|N11_31,N11-031,N11_31,,,,,,,,,,
N11 ELS 026,N11-ELS-026,[ELS2006] N11 026,N11-ELS-026,GAIA DR3 4662179994748782464,N11 ELS 26,N11 026,N11-026|N11_26,N11-026,N11-026,N11_26,,,,,,,,,,,,,
N11 ELS 032,N11-ELS-032,[ELS2006] N11 032,N11-ELS-032,PGMW 3168,GAIA DR3 4662153022361455872,N11 ELS 32,N11 032,N11-032|N11_32,N11-032,PGMW-3168,N11-032,N11_32,,,,,,,,,,,
N11 ELS 048,N11-ELS-048,[ELS2006] N11 048,N11-ELS-048,PGMW 3204,N11 ELS 48,N11 048,N11-048|N11_48,N11-048,PGMW-3209,LH103204,N11-048,N11_48,,,,,,,,,,,
N11 ELS 049,N11-ELS-049,[ELS2006] N11 049,N11-ELS-049,PGMW 1110,[L72] LH 9-73,GAIA DR3 4662154156232605824,OGLE LMC533.28.013470,N11 ELS 49,LH 9-73,N11 049,N11-049|N11_49,LH9-73,N11-049,N11_49,,,,,,,,,
N11 ELS 046,N11-ELS-046,[ELS2006] N11 046,N11-ELS-046,GAIA DR3 4662144501145651328,N11 ELS 46,N11 046,N11-046|N11_46,N11-046,N11-046,N11_46,,,,,,,,,,,,,
RX J1556.1-3655,RX-J1556M3655,RX J1556.1-3655,RXJ1556.1-3655,RXJ1556.1-3655,RXJ1556.1-3655,RXJ1556M3655,RX J1556-3655,RXJ1556-3655,,,,,,,,,,,,,,,
RX J1852.3-3700,RX-J1852M3700,RX J1852.3-3700,RXJ1852.3-3700,RXJ1852.3-3700,RXJ1852.3-3700,RXJ1852M3700,RX J1852-3700,RXJ1852-3700,,,,,,,,,,,,,,,
RXJ1842.9-3532,RX-J1842M3532,WRAY 15-1880,RXJ1842.9-3532,RX J1842.9-3532,RXJ1842.9-3532,RXJ1842M3532,RX J1842-3532,RXJ1842-3532,,,,,,,,,,,,,,,
SEXTANS A LGN S037,SEXTANS-A-LGN-S037,LGGS J101104.78-044224.1,,SEXTANS-A-OB623,SA1,LGN-S037,,,,,,,,,,,,,,,,,
SEXTANS A LGN S029,SEXTANS-A-LGN-S029,[VPW98] 1744,,S3,SEXTANS-A,LGGS J101058.19-044318.4,LGN-S029,,,,,,,,,,,,,,,,
SEXTANS A LGN S022,SEXTANS-A-LGN-S022,[VPW98] 451,,SEXTANS-A-OB521,LGGS J101105.38-044240.1,STAR-J101105.38-044240.1,LGN-S022,,,,,,,,,,,,,,,,
SEXTANS A LGN S038,SEXTANS-A-LGN-S038,LGGS J101106.05-044211.4,,SEXTANS-A-OB523,STAR-J101106.05-044211.4,LGN-S038,,,,,,,,,,,,,,,,,
SEXTANS A LGN S050,SEXTANS-A-LGN-S050,LGGS J101100.66-044044.3,,SEXTANS-A-OB321,STAR-J101100.66-044044.3,LGN-S050,,,,,,,,,,,,,,,,,
SEXTANS A LGN S014,SEXTANS-A-LGN-S014,LGGS J101053.81-044113.0,,SEXTANS-A-OB326,STAR-J101053.81-044113.0,LGN-S014,,,,,,,,,,,,,,,,,
SEXTANS A LGN S089,SEXTANS-A-LGN-S089,LGGS J101102.38-044014.6,,SEXTANS-A-OB622,STAR-J101102.38-044014.6,LGN-S089,,,,,,,,,,,,,,,,,
IC1613 BUG B11,IC1613-BUG-B11,[BUG2007] B 11,,IC1613-B11,[GHV2009] STAR 34964,GAIA DR3 2539071450058445312,BUG2007-B11,,,,,,,,,,,,,,,,
IC1613 BUG A13,IC1613-BUG-A13,[BUG2007] A 13,,IC1613-A13,[GHV2009] STAR 69217,GAIA DR3 2539073649080572800,IC1613-010506-021043,BUG2007-A13,,,,,,,,,,,,,,,
IC1613 BUG B3,IC1613-BUG-B3,[BUG2007] B 3,,IC1613-B3,[GHV2009] STAR 69336,GAIA DR2 2539061799266686336,[SK76] B 42,IC1613-010506-020931,BUG2007-B3,,,,,,,,,,,,,,
IC1613 GHV 64066,IC1613-GHV-STAR-64066,[GHV2009] STAR 64066,,IC1613-64066,GHV2009-STAR-64066,,,,,,,,,,,,,,,,,,
IC1613 BUG B2,IC1613-BUG-B2,[BUG2007] B 2,,IC1613-B2,[GHV2009] STAR 65426,GAIA DR3 2539073614721142656,IC1613-010503-021004,BUG2007-B2,,,,,,,,,,,,,,,
IC1613 GHV 62024,IC1613-GHV-STAR-62024,[GHV2009] STAR 62024,,IC1613-62024,IC1613-010501-020849,GHV2009-STAR-62024,,,,,,,,,,,,,,,,,
IC1613 GHV 67684,IC1613-GHV-STAR-67684,[GHV2009] STAR 67684,,IC1613-67684,GHV2009-STAR-67684,,,,,,,,,,,,,,,,,,
IC1613 GHV 61331,IC1613-GHV-STAR-61331,[GHV2009] STAR 61331,,IC1613-61331,GHV2009-STAR-61331,,,,,,,,,,,,,,,,,,
IC1613 GHV 67559,IC1613-GHV-STAR-67559,[GHV2009] STAR 67559,,IC1613-67559,IC1613-010505-020923,GHV2009-STAR-67559,,,,,,,,,,,,,,,,,
IC1613 BUG B7,IC1613-BUG-B7,[BUG2007] B 7,,[GHV2009] STAR 63932,GAIA DR3 2539060283142934656,IC1613-010502-020805,BUG2007-B7,,,,,,,,,,,,,,,,
IC1613 BUG A10,IC1613-BUG-A10,[BUG2007] A 10,,[GHV2009] STAR 62390,[SK76] A22,GAIA DR3 2539073687736158848,IC1613-010501-021041,BUG2007-A10,,,,,,,,,,,,,,,
IC1613 BUG B4,IC1613-BUG-B4,[BUG2007] B 4,,[GHV2009] STAR 60449,[SK76] A42,GAIA DR3 2539072107187468672,IC1613-010460-020916,BUG2007-B4,,,,,,,,,,,,,,,
IC1613 BUG C10,IC1613-BUG-C10,[BUG2007] C 10,,IC1613-C10,GAIA DR3 2539073064965819264,BUG2007-C10,,,,,,,,,,,,,,,,,
WLM BPU A 11,WLM-BPU-A-11,[BPU2006] A 11,,WLM-A11,LGGS J000159.95-152819.0,[SC85B] 30,GAIA DR3 2415883472953242880,WLM BPU A 11,BPU2006-A11,WLM BPU A11,WLM-BPU-A11,,,,,,,,,,,,
WLM BPU A 15,WLM-BPU-A-15,[BPU2006] A 15,,WLM,LGGS J000200.52-152951.8,[SC85B] 14,WLM BPU A 15,BPU2006-A15,WLM BPU A15,WLM-BPU-A15,,,,,,,,,,,,,
LEO-P ECG LP 26,LEO-P-ECG-LP-26,[ECG2019] LP 26,,LEO-P,[MSB2013] 2,LEO P ECG LP 26,ECG2019-LP26,LEO-P ECG LP26,LEO-P-ECG-LP26,,,,,,,,,,,,,,
SEXTANS A LGGS J101056.86-044040.8,SEXTANS-A-LGGS-J101056M044040,LGGS J101056.86-044040.8,,SA2,GAIA DR3 3779988764316004480,GAIA-DR3-3779988764316004480,,,,,,,,,,,,,,,,,
SEXTANS A LGN S021,SEXTANS-A-LGN-S021,LGGS J101104.79-044220.9,,SA3,GAIA DR3 3779987733523729408,LGN-S021,,,,,,,,,,,,,,,,,
NGC346 ELS 013,NGC346-ELS-013,CL* NGC 346 ELS 013,NGC346-ELS-13,CL* NGC 346 MPG 782,[M2002] SMC 46456,NGC346 13,NGC346 ELS 13,NGC346-ELS-13,NGC346-13,NGC346-013,,,,,,,,,,,,,
NGC346 ELS 035,NGC346-ELS-035,CL* NGC 346 ELS 035,NGC346-ELS-35,NGC346 35,2DFS 1418,[M2002] SMC 47161,NGC346 ELS 35,NGC346-ELS-35,NGC 346-035|NGC346_35,NGC346-35,NGC 346-035,NGC346_35,,,,,,,,,,,
NGC346 ELS 025,NGC346-ELS-025,CL* NGC 346 ELS 025,NGC346-ELS-25,NGC346 25,CL* NGC 346 MPG 848,[M2002] SMC 47430,NGC346 ELS 25,NGC346-ELS-25,NGC346-25,NGC 346-025|NGC346_25,NGC 346-025,NGC346_25,,,,,,,,,,,
NGC2004 ELS 003,NGC2004-ELS-003,CL* NGC 2004 ELS 3,NGC2004-ELS-3,NGC2004 3,RMC 109,CL* NGC 2004 ROB C1,W61 18-8,NGC2004 ELS 3,NGC2004-ELS-3,NGC2004-3,NGC 2004-003|NGC2004_3,NGC 2004-003,NGC2004_3,,,,,,,,,,
TX ORI,V-TX-ORI,V* TX ORI,V-TX-ORI,HBC 172,2MASS J05383368-0244141,TX-ORI,,,,,,,,,,,,,,,,,
SY CHA,V-SY-CHA,SY CHA,V-SY-CHA,SZ3,HBC 565,CHX 1,2MASS J10563044-7711393,,,,,,,,,,,,,,,,
VZ CHA,V-VZ-CHA,VZ CHA,V-VZ-CHA,HBC 578,SZ31,2MASS J11092379-7623207,,,,,,,,,,,,,,,,,
WZ CHA,V-WZ-CHA,WZ CHA,V-WZ-CHA,HBC 585,2MASS J11105333-7634319,SZ38,,,,,,,,,,,,,,,,,
IN CHA,V-IN-CHA,IN CHA,V-IN-CHA,HBC 587,SZ40,2MASS J11120984-7634366,,,,,,,,,,,,,,,,,
HD 104237E,HD-104237E,[FLG2003] EPS CHA 7,HD-104237E,2MASS J12000931-7811424,,,,,,,,,,,,,,,,,,,
RECX 5,RECX-5,EK CHA,RECX-5,2MASS J08422710-7857479,,,,,,,,,,,,,,,,,,,
RECX 9,RECX-9,EN CHA,RECX-9,2MASS J08441637-7859080,,,,,,,,,,,,,,,,,,,
RECX 6,RECX-6,EL CHA,RECX-6,2MASS J08423879-7854427,,,,,,,,,,,,,,,,,,,
CVSO 104,CVSO-104,CVSO 104,CVSO-104,HARO 5-64,2MASS J05320638-0111000,GAIA DR3 3217634157789741952,,,,,,,,,,,,,,,,,
CVSO 36,CVSO-36,CVSO 36,CVSO-36,OB1A 1222,2MASS J05255035+0149370,GAIA DR3 3222268122557250304,,,,,,,,,,,,,,,,,
CVSO 176,CVSO-176,CVSO 176,CVSO-176,HARO 5-91,V* V609 ORI,GAIA DR3 3219230167633274752,2MASS J05402414-0031213,,,,,,,,,,,,,,,,
CVSO 17,CVSO-17,CVSO 17,CVSO-17,OB1A 121,2MASS J05230470+0137148,GAIA DR3 3222180814461726976,,,,,,,,,,,,,,,,,
CVSO 165,CVSO-165,CVSO 165,CVSO-165,2MASS J05390257-0120323,GAIA DR3 3217473702105162752,,,,,,,,,,,,,,,,,,
V505 ORI,V505-ORI,V505 ORI,V505-ORI,HARO 5-10,2MASS J05382725-0245097,GAIA DR3 3216107490187638784,,,,,,,,,,,,,,,,,
V510 ORI,V510-ORI,V510 ORI,V510-ORI,HARO 5-27,HBC 177,2MASS J05393982-0231218,GAIA DR3 3216493758070824064,,,,,,,,,,,,,,,,
2MASS J11432669-7804454,2MASS-J11432669M7804454,2MASS J11432669-7804454,2MASSJ11432669-7804454,2MASSJ11432669-7804454,2MASSJ11432669-7804454,2MASSJ11432669M7804454,,,,,,,,,,,,,,,,,
RX J1608.9-3905,RX-J1608M3905,RX J1608.9-3905,,RXJ1608.9-3905,RXJ1608.9-3905,RX-J1608.9-3905,RXJ1608M3905,,,,,,,,,,,,,,,,
LEOA GWS K1,LEOA-GWS-K1,[GWS2022] K1,,SDSS-J095927P304457,J095927.53+304457.7,J095927P304457,SDSS J095927.53+304457.7,GAIA DR3 744173560150512000,,,,,,,,,,,,,,,
LEOA GWS K2,LEOA-GWS-K2,[GWS2022] K2,J095930.22+304437.0,J095930P304437,GAIA DR3 744173353992080000,,,,,,,,,,,,,,,,,,
J095921.90+304518.1,J095921P304518,J095921.90+304518.1,,,,,,,,,,,,,,,,,,,,,
AV 506,AV-506,AV 506,AV506,AZV 506,AV506,[M2002]-80545|SK169|AV506,[M2002]_80545,[M2002]-80545,SK169,[M2002]-80545,SK169,AV506,,,,,,,,,,,
SK 173,SK-173,SK 173,SK173,2DFS 3747,SK173,[2DFS]-3747|[2DFS]_3747,[2DFS]-3747,[2DFS]_3747,[2DFS]-3747,[2DFS]_3747,,,,,,,,,,,,,
AV 410,AV-410,AV 410,AV410,AZV 410,AV410,AV 410|[M2002]_64588,AV 410,[M2002]_64588,AV 410,[M2002]_64588,,,,,,,,,,,,,
AV 235,AV-235,AV 235,AV235,SK 82,AV235,SK82|SK_82,SK82,SK_82,SK82,SK_82,SK82,SK_82,,,,,,,,,,,
AV 488,AV-488,AV 488,AV488,SK 159,AV488,SK159|SK_159,SK_159,SK159,SK159,SK_159,SK159,SK_159,,,,,,,,,,,
AV 175,AV-175,AV 175,AV175,AZV 175,AV175,AV 175|[M2002]_37732,AV 175,[M2002]_37732,AV 175,[M2002]_37732,,,,,,,,,,,,,
AV 85,AV-85,AV 85,AV85,AZV 85,AV85,OGLE005100.18-725303|OGLE_-9999,OGLE005100.18-725303.9,OGLE005100.18-725303,OGLE_-9999,OGLE005100.18-725303,OGLE_-9999,,,,,,,,,,,,
AV 472,AV-472,AV 472,AV472,AZV 472,AV472,AV 472|[2DFS]_2907,AV 472,[2DFS]_2907,AV 472,[2DFS]_2907,,,,,,,,,,,,,
AV 224,AV-224,AV 224,AV224,AZV 224,AV224,AV 224|[M2002]_45809,AV 224,[M2002]_45809,AV 224,[M2002]_45809,,,,,,,,,,,,,
2DFS 3694,2DFS-3694,2DFS 3694,2DFS-3694,2DFS 3694,2DFS-3694,[2DFS]-3694|[2DFS]_3694,[2DFS]-3694,[2DFS]_3694,[2DFS]-3694,[2DFS]_3694,,,,,,,,,,,,,
2DFS 3947,2DFS-3947,2DFS 3947,2DFS-3947,2DFS 3947,2DFS-3947,[SMCSGS-FS]-284|[SMCSGS-FS]_284,[SMCSGS-FS]-284,[SMCSGS-FS]_284,[SMCSGS-FS]-284,[SMCSGS-FS]_284,,,,,,,,,,,,,
2DFS 3689,2DFS-3689,2DFS 3689,2DFS-3689,2DFS 3689,2DFS-3689,[SMCSGS-FS]-96|[SMCSGS-FS]_96,[SMCSGS-FS]-96,[SMCSGS-FS]_96,[SMCSGS-FS]-96,[SMCSGS-FS]_96,,,,,,,,,,,,,
AV 96,AV-96,AV 96,AV96,AZV 96,AV96,AV 96|[M2002]_19728,AV 96,[M2002]_19728,AV 96,[M2002]_19728,,,,,,,,,,,,,
AV 266,AV-266,AV 266,AV266,AZV 266,AV266,AV 266|[M2002]_50609,AV 266,[M2002]_50609,AV 266,[M2002]_50609,,,,,,,,,,,,,
AV 264,AV-264,AV 264,AV264,AZV 264,AV264,AV264|AV_264,AV264,AV_264,AV264,AV_264,,,,,,,,,,,,,
AV 393,AV-393,AV 393,AV393,SK 124,AV393,SK-124|AZV-393,SK-124,AZV-393,SK-124,AZV-393,,,,,,,,,,,,,
AV 374,AV-374,AV 374,AV374,AZV 374,AV374,AZV374|AV_374,AZV374,AV_374,AZV374,AV_374,,,,,,,,,,,,,
AV 234,AV-234,AV 234,AV234,AZV 234,AV234,AV 234|[M2002]_47028,AV 234,[M2002]_47028,AV 234,[M2002]_47028,,,,,,,,,,,,,
AV 187,AV-187,AV 187,AV187,AZV 187,AV187,AV187|AV_187,AV187,AV_187,AV187,AV_187,,,,,,,,,,,,,
AV 324,AV-324,AV 324,AV324,AZV 324,AV324,AZV324|AV_324,AZV324,AV_324,AZV324,AV_324,,,,,,,,,,,,,
AV 314,AV-314,AV 314,AV314,AZV 314,AV314,AZV314|AV_314,AZV314,AV_314,AZV314,AV_314,,,,,,,,,,,,,
AV 445,AV-445,AV 445,AV445,AZV 445,AV445,AV 445|[2DFS]_2538,AV 445,[2DFS]_2538,AV 445,[2DFS]_2538,,,,,,,,,,,,,
AV 343,AV-343,AV 343,AV343,AZV 343,AV343,AZV343|AV_343,AZV343,AV_343,AZV343,AV_343,,,,,,,,,,,,,
SK 179,SK-179,SK 179,SK179,SK 179,SK179,SK 179|[M2002]_82928,SK 179,[M2002]_82928,SK 179,[M2002]_82928,,,,,,,,,,,,,
AV 200,AV-200,AV 200,AV200,AZV 200,AV200,AZV200|AV_200,AZV200,AV_200,AZV200,AV_200,,,,,,,,,,,,,
2DFS 3954,2DFS-3954,2DFS 3954,2DFS-3954,2DFS 3954,2DFS-3954,[2DFS]-3954|[2DFS]_3954,[2DFS]-3954,[2DFS]_3954,[2DFS]-3954,[2DFS]_3954,,,,,,,,,,,,,
2DFS 2266,2DFS-2266,2DFS 2266,2DFS-2266,2DFS 2266,2DFS-2266,[2DFS]-2266|[2DFS]_2266,[2DFS]-2266,[2DFS]_2266,[2DFS]-2266,[2DFS]_2266,,,,,,,,,,,,,
AV 440,AV-440,AV 440,AV440,AZV 440,AV440,AV 440|[M2002]_68756,AV 440,[M2002]_68756,AV 440,[M2002]_68756,,,,,,,,,,,,,
AV 251,AV-251,AV 251,AV251,AZV 251,AV251,[M2002]-48672|[M2002]_48672|AV251,[M2002]-48672,[M2002]_48672,AV251,[M2002]-48672,[M2002]_48672,AV251,,,,,,,,,,,
AV 186,AV-186,AV 186,AV186,AV 186,AV186,NGC 330-013|NGC330_13,NGC 330-013,NGC330_13,CL* NGC 330 ELS 013,NGC 330-013,NGC330_13,,,,,,,,,,,,
SK 187,SK-187,SK 187,SK187,SK 187,SK187,SK 187|[M2002]_83678,SK 187,[M2002]_83678,SK 187,[M2002]_83678,,,,,,,,,,,,,
AV 255,AV-255,AV 255,AV255,AV 255,AV255,AV255|AV255,AV255,AZV255,AV255,AV255,,,,,,,,,,,,,
2DFS 163,2DFS-163,2DFS 163,2DFS-163,2DFS 163,2DFS-163,[2DFS]-163|[2DFS]_163,[2DFS]-163,[2DFS]_163,[2DFS]-163,[2DFS]_163,,,,,,,,,,,,,
AV 238,AV-238,AV 238,AV238,AZV 238,AV238,AV 238|[M2002]_47540,AV 238,[M2002]_47540,AV 238,[M2002]_47540,,,,,,,,,,,,,
2DFS 3780,2DFS-3780,2DFS 3780,2DFS-3780,2DFS 3780,2DFS-3780,[2DFS]-3780|[2DFS]_3780,[2DFS]-3780,[2DFS]_3780,[2DFS]-3780,[2DFS]_3780,,,,,,,,,,,,,
M2002 SMC 81469,M2002-SMC-81469,[M2002] SMC 81469,M2002-SMC-81469,M2002 SMC 81469,SMC-81469,[SMCSGS-FS]-90|[SMCSGS-FS]_90,[SMCSGS-FS]-90,[SMCSGS-FS]_90,[SMCSGS-FS]-90,[SMCSGS-FS]_90,,,,,,,,,,,,,
AV 372,AV-372,AV 372,AV372,AV372,AZV 372,AV 372|[M2002]_60577,AV 372,[M2002]_60577,AV 372,[M2002]_60577,,,,,,,,,,,,,
2DFS 999,2DFS-999,SMC AB 9,2DFS-999,2DFS 999,2DFS-999,SMC-WR9|SMC AB9,[M2002]_30420,SMC-WR9,SMC AB9,SMC-WR9,SMC AB9,,,,,,,,,,,,
AV 332,AV-332,AV 332,AV332,AZV332,AZV 332,AV332,AV_332,SK 108,SMC AB6,AV332,SK108,SMC AB6|AV332|SK108,SMC AB6,AV332,SK108,,,,,,,,
SK -67 216,SK-67D216,SK -67 216,SK-67D216,SK -67 216,SK-67D216,SK -67 216|SK_-67216,SK -67 216,SK_-67216,SK -67 216,SK_-67216,,,,,,,,,,,,,
HV 5622,HV-5622,HV 5622,HV5622,MACHO 79.4779.34,HV5622,MACHO79-4779|MACHO79_4779,MACHO79-4779,MACHO79_4779,MACHO79-4779,MACHO79_4779,,,,,,,,,,,,,
SK -69 43,SK-69D43,SK -69 43,SK-69D43,SK -69 43,SK-69D43,HD268809|HD_268809|SK-6943,HD268809,HD_268809,SK-6943,HD268809,HD_268809,SK-6943,,,,,,,,,,,
SK -68 41,SK-68D41,SK -68 41,SK-68D41,SK -68 41,SK-68D41,SK-68 41|SK_-6841,SK-68 41,SK_-6841,SK-68 41,SK_-6841,,,,,,,,,,,,,
SK -68 23A,SK-68D23A,SK -68 23A,SK-68D23A,SK -68 23A,SK-68D23A,SK -68 23A|[M2002]_48819,SK -68 23A,[M2002]_48819,SK -68 23A,[M2002]_48819,,,,,,,,,,,,,
SK -71 35,SK-71D35,SK -71 35,SK-71D35,SK -71 35,SK-71D35,SK -71 35|SK_-7135,SK -71 35,SK_-7135,SK -71 35,SK_-7135,,,,,,,,,,,,,
SK -65 2,SK-65D2,SK -65 2,SK-65D2,SK -65 2,SK-65D2,SK-65 2|SK_-652,SK-65 2,SK_-652,SK-65 2,SK_-652,,,,,,,,,,,,,
SK -69 52,SK-69D52,SK -69 52,SK-69D52,SK -69 52,SK-69D52,SK-69 52|SK_-6952,SK-69 52,SK_-6952,SK-69 52,SK_-6952,,,,,,,,,,,,,
SK -70 50,SK-70D50,SK -70 50,SK-70D50,SK -70 50,SK-70D50,SK-70 50|SK-70 50,SK-70_50,SK-70 50,SK-70 50,SK-70 50,SK-70 50,,,,,,,,,,,,
SK -67 78,SK-67D78,SK -67 78,SK-67D78,SK -67 78,SK-67D78,SK-67 78|SK-67 78,SK-67_78,SK-67 78,SK-67 78,SK-67 78,SK-67 78,,,,,,,,,,,,
SK -70 16,SK-70D16,SK -70 16,SK-70D16,SK -70 16,SK-70D16,SK -70 16|[M2002]_22715,SK -70 16,[M2002]_22715,SK -70 16,[M2002]_22715,SK-70-16,,,,,,,,,,,,
SK -69 140,SK-69D140,SK -69 140,SK-69D140,SK -69 140,SK-69D140,SK -69 140|[M2002]_139017,SK -69 140,[M2002]_139017,SK -69 140,[M2002]_139017,,,,,,,,,,,,,
SK -68 8,SK-68D8,SK -68 8,SK-68D8,SK -68 8,SK-68D8,SK -68 8|SK_-688,SK -68 8,SK_-688,SK -68 8,SK_-688,SK-68-8,,,,,,,,,,,,
SK -67 195,SK-67D195,SK -67 195,SK-67D195,SK -67 195,SK-67D195,SK -67 195|[M2002]_158636,SK -67 195,[M2002]_158636,SK -67 195,[M2002]_158636,SK-67-195,,,,,,,,,,,,
SK -67 197,SK-67D197,SK -67 197,SK-67D197,SK -67 197,SK-67D197,SK -67 197|[M2002]_158955,SK -67 197,[M2002]_158955,SK -67 197,[M2002]_158955,SK-67-197,,,,,,,,,,,,
SK -66 50,SK-66D50,SK -66 50,SK-66D50,SK -66 50,SK-66D50,SK -66 50|SK_-6650,SK -66 50,SK_-6650,SK -66 50,SK_-6650,SK-66-50,,,,,,,,,,,,
SK -67 207,SK-67D207,SK -67 207,SK-67D207,SK -67 207,SK-67D207,SK -67 207|SK_-67207,SK -67 207,SK_-67207,SK -67 207,SK_-67207,SK-67-207,,,,,,,,,,,,
SK -68 137,SK-68D137,SK -68 137,SK-68D137,SK -68 137,SK-68D137,SK -68 137|[M2002]_170808,SK -68 137,[M2002]_170808,SK -68 137,[M2002]_170808,,,,,,,,,,,,,
VFTS 506,VFTS-506,VFTS 506,VFTS-506,VFTS 506,VFTS-506,P93-0871|VFTS_506,P93-0871,VFTS_506,P93-0871,VFTS_506,,,,,,,,,,,,,
VFTS 169,VFTS-169,VFTS 169,VFTS-169,VFTS 169,VFTS-169,ST92 1-71|VFTS_169,ST92 1-71,VFTS_169,ST92 1-71,VFTS_169,,,,,,,,,,,,,
SK -67 22,SK-67D22,SK -67 22,SK-67D22,SK -67 22,SK-67D22,SK -67 22|BAT99_12,SK-6722,SK -67 22,BAT99_12,SK-6722,SK -67 22,BAT99_12,,,,,,,,,,,
BAT99 105,BAT99-105,CL* NGC 2070 MEL 42,BAT99-105,BAT99 105,BAT99-105,MK 42|BAT99_105|BREY 77,MK42,MK 42,BAT99_105,BREY 77,MK 42,BAT99_105,BREY 77,,,,,,,,,,
VFTS 482,VFTS-482,CL* NGC 2070 MEL 39,VFTS-482,VFTS 482,VFTS-482,MK 39|BAT99_99|BREY 78,MK 39,BAT99_99,BREY 78,MK 39,BAT99_99,BREY 78,,,,,,,,,,,
VFTS 542,VFTS-542,CL* NGC 2070 MEL 30,VFTS-542,VFTS 542,VFTS-542,MK 30|BAT99_113,MK 30,BAT99_113,MK 30,BAT99_113,,,,,,,,,,,,,
VFTS 545,VFTS-545,CL* NGC 2070 MEL 35,VFTS-545,VFTS 545,VFTS-545,MK 35|BAT99_114,MK 35,BAT99_114,MK 35,BAT99_114,,,,,,,,,,,,,
VFTS 267,VFTS-267,VFTS 267,VFTS-267,VFTS 267,VFTS-267,VFTS-267|VFTS_267,VFTS-267,VFTS_267,VFTS-267,VFTS_267,,,,,,,,,,,,,
LH 114-7,LH-114-7,[L72] LH 114-7,LH114-7,LH 114-7,LH114-7,LMC2-675|LMC2_675|LH114-7,LMC2_675,LMC_675,LMC2-675,LMC2_675,LH114-7,LMC2-675,LMC2_675,LH114-7,,,,,,,,,
W61 28-23,W61-28-23,W61 28-23,W61-28-23,W61 28-23,W61-28-23,W61 28-23|[AAOMEGA]_159,W61 28-23,[AAOMEGA]_159,W61 28-23,[AAOMEGA]_159,,,,,,,,,,,,,
SK -68 133,SK-68D133,SK -68 133,SK-68D133,SK -68 133,SK-68D133,SK-68 133|[AAOMEGA]_248,SK-68 133,[AAOMEGA]_248,SK-68 133,[AAOMEGA]_248,,,,,,,,,,,,,
ST92 5-27,ST92-5-27,[ST92] 5-27,ST92-5-27,ST92 5-27,ST92-5-27,ST 5-27|ST5_27|LH101W24,ST 5-27,ST5_27,LH101W24,ST 5-27,ST5_27,LH101W24,,,,,,,,,,,
VFTS 404,VFTS-404,VFTS 404,VFTS-404,VFTS 404,VFTS-404,VFTS-404|VFTS_404,VFTS-404,VFTS_404,VFTS-404,VFTS_404,,,,,,,,,,,,,
GAIA DR3 4657277616048732544,GAIA-DR3-4657277616048732544,MCPS 083.91120-69.69685,MCPS083.91120-69.69685,MCPS 083.91120-69.69685,MCPS083.91120-69.69685,[AAOMEGA]-181|[AAOMEGA]_181,[AAOMEGA]-181,[AAOMEGA]_181,MCPS083.91120-69.69685,[AAOMEGA]-181,[AAOMEGA]_181,,,,,,,,,,,,
SK -67 69,SK-67D69,SK -67 69,SK-67D69,SK -67 69,SK-67D69,SK-67 69|SK_-6769,SK-67 69,SK_-6769,SK-67 69,SK_-6769,,,,,,,,,,,,,
FARINA 88,FARINA-88,[FBM2009] 88,FARINA-88,FARINA 88,FARINA-88,F09 088|[AAOMEGA]_364,F09 088,[AAOMEGA]_364,F09 088,[AAOMEGA]_364,,,,,,,,,,,,,
SK -67 108,SK-67D108,SK -67 108,SK-67D108,SK -67 108,SK-67D108,SK -67 108|[M2002]_135697,SK -67 108,[M2002]_135697,SK -67 108,[M2002]_135697,,,,,,,,,,,,,
W61 28-5,W61-28-5,W61 28-5,W61-28-5,W61 28-5,W61-28-5,W28-5|W28_5,W28-5,W28_5,W28-5,W28_5,,,,,,,,,,,,,
VFTS 355,VFTS-355,VFTS 355,VFTS-355,VFTS 355,VFTS-355,VFTS-355|VFTS_355,VFTS-355,VFTS_355,VFTS-355,VFTS_355,,,,,,,,,,,,,
SK -70 60,SK-70D60,SK -70 60,SK-70D60,SK -70 60,SK-70D60,SK -70 60|[M2002]_64006,SK -70 60,[M2002]_64006,SK -70 60,[M2002]_64006,,,,,,,,,,,,,
SK -71 46,SK-71D46,SK -71 46,SK-71D46,SK -71 46,SK-71D46,SK -71 46|[N206-FS]_214,SK-71_46,SK -71 46,[N206-FS]_214,SK-71_46,SK -71 46,[N206-FS]_214,,,,,,,,,,,
SK -67 167,SK-67D167,SK -67 167,SK-67D167,SK -67 167,SK-67D167,SK -67 167|[M2002]_152366,SK -67 167,[M2002]_152366,SK -67 167,[M2002]_152366,,,,,,,,,,,,,
SK -70 69,SK-70D69,SK -70 69,SK-70D69,SK -70 69,SK-70D69,SK -70 69|[M2002]_65981,SK -70 69,[M2002]_65981,SK -70 69,[M2002]_65981,SK-70-69,,,,,,,,,,,,
ST92 5-52,ST92-5-52,[ST92] 5-52,ST92-5-52,[ST92] 5-52,ST92-5-52,ST 5-52|ST5_52,ST 5-52,ST5_52,ST 5-52,ST5_52,,,,,,,,,,,,,
LH 58-496,LH-58-496,[L72] LH 58-496,LH58-496,LH 58-496,LH58-496,LH 58-496|LH58_496,LH 58-496,LH58_496,LH 58-496,LH58_496,,,,,,,,,,,,,
ST92 4-18,ST92-4-18,W61 4-4,ST92-4-18,ST92 4-18,ST92-4-18,W4-4|W4_4,W4-4,W4_4,W4-4,W4_4,,,,,,,,,,,,,
LMCE078-1,LMCE078-1,[MNM2015] LMCE078-1,LMCE078-1,LMCE078-1,LMCE078-1,[AAOMEGA]-271|[AAOMEGA]_271,[AAOMEGA]-271,[AAOMEGA]_271,[AAOMEGA]-271,[AAOMEGA]_271,,,,,,,,,,,,,
SK -71 19,SK-71D19,SK -71 19,SK-71D19,SK -71 19,SK-71D19,SK-71 19|SK_-7119,SK_-7119,SK-71 19,SK_-7119,SK-71 19,SK_-7119,,,,,,,,,,,,
SK -67 51,SK-67D51,SK -67 51,SK-67D51,SK -67 51,SK-67D51,SK -67 51|SK_-6751,SK -67 51,SK_-6751,SK -67 51,SK_-6751,,,,,,,,,,,,,
SK -66 100,SK-66D100,SK -66 100,SK-66D100,SK -66 100,SK-66D100,SK-66 100|SK_-66100,SK-66 100,SK_-66100,SK-66 100,SK_-66100,SK-66-100,,,,,,,,,,,,
SK -66 18,SK-66D18,SK -66 18,SK-66D18,SK -66 18,SK-66D18,SK-66 18|SK_-6618,SK-66.18,SK-66 18,SK_-6618,SK-66.18,SK-66 18,SK_-6618,SK-66-18,,,,,,,,,,
BI 13,BI-13,BI 13,BI13,BI 13,BI13,BI 13|[M2002]_15830,BI 13,[M2002]_15830,BI 13,[M2002]_15830,,,,,,,,,,,,,
PGMW 3070,PGMW-3070,PGMW 3070,PGMW-3070,PGMW 3070,PGMW-3070,[PGMW]-3070|[PGMW]_3070,[PGMW]_3090,[PGMW]_3058,[PGMW]_3073,[PGMW]-3070,[PGMW]_3070,[PGMW]-3070,[PGMW]_3070,,,,,,,,,,
VFTS 406,VFTS-406,VFTS 406,VFTS-406,VFTS 406,VFTS-406,P93-0370|VFTS_406,P93-0370,VFTS_406,P93-0370,VFTS_406,,,,,,,,,,,,,
BI 272,BI-272,BI 272,BI272,BI 272,BI272,BI272|BI_272,BI272,BI_272,BI272,BI_272,,,,,,,,,,,,,
SK -68 16,SK-68D16,SK -68 16,SK-68D16,SK -68 16,SK-68D16,SK -68 16|[M2002]_34847,SK -68 16,[M2002]_34847,SK -68 16,[M2002]_34847,,,,,,,,,,,,,
SK -67 118,SK-67D118,SK -67 118,SK-67D118,SK -67 118,SK-67D118,SK -67 118|[M2002]_138717,SK -67 118,[M2002]_138717,SK -67 118,[M2002]_138717,,,,,,,,,,,,,
VFTS 190,VFTS-190,VFTS 190,VFTS-190,VFTS 190,VFTS-190,VFTS-190|VFTS_190,VFTS-190,VFTS_190,VFTS-190,VFTS_190,,,,,,,,,,,,,
SK -66 152,SK-66D152,SK -66 152,SK-66D152,SK -66 152,SK-66D152,SK -66 152|SK_-66152,SK -66 152,SK_-66152,SK -66 152,SK_-66152,,,,,,,,,,,,,
SK -69 83,SK-69D83,SK -69 83,SK-69D83,SK -69 83,SK-69D83,SK -69 83|SK_-6983,SK -69 83,SK_-6983,SK -69 83,SK_-6983,,,,,,,,,,,,,
SK -67 261,SK-67D261,SK -67 261,SK-67D261,SK -67 261,SK-67D261,SK -67 261|SK_-67261,SK -67 261,SK_-67261,SK -67 261,SK_-67261,SK-67-261,,,,,,,,,,,,
BI 189,BI-189,BI 189,BI189,BI 189,BI189,BI 189|BI_189,BI 189,BI_189,BI 189,BI_189,,,,,,,,,,,,,
SK -71 8,SK-71D8,SK -71 8,SK-71D8,SK -71 8,SK-71D8,SK -71 8|SK_-718,SK-71.08,SK -71 8,SK_-718,SK-71.08,SK -71 8,SK_-718,,,,,,,,,,,
SK -70 32,SK-70D32,SK -70 32,SK-70D32,SK -70 32,SK-70D32,SK -70 32|[M2002]_46268,SK -70 32,[M2002]_46268,SK -70 32,[M2002]_46268,,,,,,,,,,,,,
SK -66 17,SK-66D17,[ELS2006] N11 011,SK-66D17,SK -66 17,SK-66D17,N11-011|N11_11,N11-011,N11_11,N11-011,N11_11,,,,,,,,,,,,,
SK -69 178,SK-69D178,SK -69 178,SK-69D178,SK -69 178,SK-69D178,SK-69 178|[AAOMEGA]_105,SK-69 178,[AAOMEGA]_105,SK-69 178,[AAOMEGA]_105,,,,,,,,,,,,,
BI 128,BI-128,BI 128,BI128,BI 128,BI128,BI128|BI_128,BI128,BI_128,BI128,BI_128,,,,,,,,,,,,,
SK -70 13,SK-70D13,SK -70 13,SK-70D13,SK -70 13,SK-70D13,SK -70 13|[M2002]_19062,SK -70 13,[M2002]_19062,SK -70 13,[M2002]_19062,,,,,,,,,,,,,
SK -66 171,SK-66D171,SK -66 171,SK-66D171,SK -66 171,SK-66D171,SK -66 171|SK_-66171,SK-66_171,SK -66 171,SK_-66171,SK-66_171,SK -66 171,SK_-66171,,,,,,,,,,,
VFTS 66,VFTS-66,VFTS 66,VFTS-66,VFTS 66,VFTS-66,VFTS066,,,,,,,,,,,,,,,,,
SK -71 21,SK-71D21,BAT99 32,SK-71D21,SK -71 21,SK-71D21,HD 36063,BREY26,BREY26,,,,,,,,,,,,,,,
HD 269927C,HD-269927C,[ST92] 5-68,HD269927C,HD 269927C,HD269927C,[ST92] 5-68,HDE269927,,,,,,,,,,,,,,,,
SK -65 55,SK-65D55,BAT99 30,SK-65D55,SK -65 55,SK-65D55,LHA 120-S 28,BREY24,BREY24,,,,,,,,,,,,,,,
SK -67 20,SK-67D20,HD 32109,SK-67D20,SK -67 20,SK-67D20,HD 32109,HD32109,HD_32109,[M2002]_25077,,,,,,,,,,,,,,
SK -67 266,SK-67D266,BAT99 133,SK-67D266,SK -67 266,SK-67D266,LHA 120-S 61,SK-67266,SK-67266,,,,,,,,,,,,,,,
SK -68 15,SK-68D15,BAT99 11,SK-68D15,SK -68 15,SK-68D15,HD 32402,BR_10,HD32402,LH12_16,[M2002]_33780,,,,,,,,,,,,,
SK -69 191,SK-69D191,BAT99 61,SK-69D191,SK -69 191,SK-69D191,HD 37680,HD37680,BR_50,,,,,,,,,,,,,,,
CHX 18N,CHX-18N,CHX 18N,CHX18N,CHX18N,,,,,,,,,,,,,,,,,,,
CVSO 146,CVSO-146,CVSO 146,CVSO-146,,,,,,,,,,,,,,,,,,,,
HN 5,HN-5,HN 5,HN5,HN5,,,,,,,,,,,,,,,,,,,
SZ 100,SZ-100,SZ 100,SZ100,SZ100,,,,,,,,,,,,,,,,,,,
SZ 103,SZ-103,SZ 103,SZ103,SZ103,,,,,,,,,,,,,,,,,,,
SZ 104,SZ-104,SZ 104,SZ104,SZ104,,,,,,,,,,,,,,,,,,,
SZ 110,SZ-110,SZ 110,SZ110,SZ110,,,,,,,,,,,,,,,,,,,
SZ 111,SZ-111,SZ 111,SZ111,SZ111,,,,,,,,,,,,,,,,,,,
SZ 112,SZ-112,SZ 112,SZ112,SZ112,,,,,,,,,,,,,,,,,,,
SZ 114,SZ-114,SZ 114,SZ114,SZ114,,,,,,,,,,,,,,,,,,,
SZ 115,SZ-115,SZ 115,SZ115,SZ115,,,,,,,,,,,,,,,,,,,
SZ 117,SZ-117,SZ 117,SZ117,SZ117,,,,,,,,,,,,,,,,,,,
SZ 129,SZ-129,SZ 129,SZ129,SZ129,,,,,,,,,,,,,,,,,,,
SZ 130,SZ-130,SZ 130,SZ130,SZ130,,,,,,,,,,,,,,,,,,,
SZ 19,SZ-19,SZ 19,SZ19,SZ19,,,,,,,,,,,,,,,,,,,
SZ 66,SZ-66,SZ 66,SZ66,SZ66,,,,,,,,,,,,,,,,,,,
SZ 69,SZ-69,SZ 69,SZ69,SZ69,,,,,,,,,,,,,,,,,,,
SZ 71,SZ-71,SZ 71,SZ71,SZ71,,,,,,,,,,,,,,,,,,,
SZ 72,SZ-72,SZ 72,SZ72,SZ72,,,,,,,,,,,,,,,,,,,
SZ 75,SZ-75,SZ 75,SZ75,SZ75,,,,,,,,,,,,,,,,,,,
SZ 76,SZ-76,SZ 76,SZ76,SZ76,,,,,,,,,,,,,,,,,,,
SZ 77,SZ-77,SZ 77,SZ77,SZ77,,,,,,,,,,,,,,,,,,,
SZ 82,SZ-82,SZ 82,SZ82,SZ82,,,,,,,,,,,,,,,,,,,
SZ 84,SZ-84,SZ 84,SZ84,SZ84,,,,,,,,,,,,,,,,,,,
SZ 97,SZ-97,SZ 97,SZ97,SZ97,,,,,,,,,,,,,,,,,,,
SZ 98,SZ-98,SZ 98,SZ98,SZ98,,,,,,,,,,,,,,,,,,,
SZ 99,SZ-99,SZ99,SZ99,SZ99,,,,,,,,,,,,,,,,,,,
SZ 10,SZ-10,SZ 10,SZ10,SZ10,,,,,,,,,,,,,,,,,,,
2MASS J11183572-7935548,2MASS-J11183572M7935548,2MASS J11183572-7935548,,2MASSJ11183572-7935548,2MASS-J11183572-7935548,,,,,,,,,,,,,,,,,,
HQ CHA,V-HQ-CHA,V* HQ CHA,,CHA HALPHA6,2MASS J11083952-7734166,,,,,,,,,,,,,,,,,,
HN 17,HN-17,HN 17,,HN17,,,,,,,,,,,,,,,,,,,
RECX 12,RECX-12,RECX 12,,,,,,,,,,,,,,,,,,,,,
RECX 7,RECX-7,RECX 7,,,,,,,,,,,,,,,,,,,,,
SZ 74,SZ-74,SZ 74,,SZ74,,,,,,,,,,,,,,,,,,,
TW CHA,V-TW-CHA,V* TW CHA,,SZ 5,PDS 40,HBC 567,,,,,,,,,,,,,,,,,
TWA 8A,TWA-8A,TWA 8A,,V-TWA-8A,V* V550 HYA,CD-26 8623,,,,,,,,,,,,,,,,,
NGC-3109-V01,NGC-3109-V01,,NGC-3109-V01,,,,,,,,,,,,,,,,,,,,
NGC-3109-V02,NGC-3109-V02,,NGC-3109-V02,,,,,,,,,,,,,,,,,,,,
AV 77,AV-77,AZV 77,,AZV-77,,,,,,,,,,,,,,,,,,,
NGC346 MPG 356,NGC346-MPG-356,CL* NGC 346 MPG 356,,NGC346-356,,,,,,,,,,,,,,,,,,,
AV 429,AV-429,AZV 429,,AZV-429,,,,,,,,,,,,,,,,,,,
AV 439,AV-439,AZV 439,,AZV-439,,,,,,,,,,,,,,,,,,,
AV 461,AV-461,AZV 461,,AZV-461,AV461,,,,,,,,,,,,,,,,,,
DI91 719,DI91-719,[DI91] 719,,S0XA000389,,,,,,,,,,,,,,,,,,,
GAIA DR3 4637562032451492608,GAIA-DR3-4637562032451492608,GAIA DR3 4637562032451492608,,S0XA000387,,,,,,,,,,,,,,,,,,,
GAIA DR3 4637562376048872448,GAIA-DR3-4637562376048872448,GAIA DR3 4637562376048872448,,S0XA000379,,,,,,,,,,,,,,,,,,,
DI91 739,DI91-739,[DI91] 739,,S0XA000375,,,,,,,,,,,,,,,,,,,
SK 215,SK-215,SK 215,,WDG-8,,,,,,,,,,,,,,,,,,,
DI91 842,DI91-842,[DI91] 842,,S0WX000267,,,,,,,,,,,,,,,,,,,
SK -69 42,SK-69D42,BAT99 8,,HD-32257,,,,,,,,,,,,,,,,,,,
SK -66 21,SK-66D21,BAT99 9,,HD-32125,,,,,,,,,,,,,,,,,,,
BAT99 10,BAT99-10,BAT99 10,,HD32228,HD 32228,HD-32228,GAIA DR3 4662154190555389056,,,,,,,,,,,,,,,,
LMC277-2,LMC277-2,[MNM2014] LMC277-2,,,,,,,,,,,,,,,,,,,,,
LMC079-1,LMC079-1,[M2002] LMC 71747,,LMC079-1,LMC79-1,[MNM2014] LMC79-1,,GAIA DR3 4652065067564164352,,,,,,,,,,,,,,,
BAT99 20,BAT99-20,BREY 16A,,BREY 16A,BREY-16A,GAIA DR3 4658261266658999552,,,,,,,,,,,,,,,,,
LMC195-1,LMC195-1,[MNM2014] LMC195-1,,,,,,,,,,,,,,,,,,,,,
LH 41-1042,LH-41-1042,[H2013] LMCE 584,,LH41-1042,,,,,,,,,,,,,,,,,,,
SK -69 106,SK-69D106,BAT99 28,,HD-35517,BREY22,HD35517,,,,,,,,,,,,,,,,,
LMCE169-1,LMCE169-1,[MNM2015] LMCE169-1,,,,,,,,,,,,,,,,,,,,,
SK -71 26,SK-71D26,BAT99 34,,HD-36156,HD36156,,,,,,,,,,,,,,,,,,
LMCE159-1,LMCE159-1,[MNM2015] LMCE159-1,,,,,,,,,,,,,,,,,,,,,
SK -68 80,SK-68D80,BAT99 39,,HD-36521,HD 36521,HD36521,,,,,,,,,,,,,,,,,
SK -66 97,SK-66D97,LHA 120-S 35,,HEN-S35,,,,,,,,,,,,,,,,,,,
LMC199-1,LMC199-1,[MNM2014] LMC199-1,,,,,,,,,,,,,,,,,,,,,
LMC170-2,LMC170-2,[MNM2014] LMC170-2,,,,,,,,,,,,,,,,,,,,,
SK -67 144,SK-67D144,BAT99 52,,HD-37026,HD37026,,,,,,,,,,,,,,,,,,
SK -71 38,SK-71D38,BAT99 53,,HD-37248,HD37248,Brey 44,SK-71_38,,,,,,,,,,,,,,,,
N206-FS 194,N206-FS-194,[RHH2018] 194,,MLD95-LMC-1-546,RHH2018 194,RHH2018-194,,,,,,,,,,,,,,,,,
LMC172-1,LMC172-1,IRSF J05350090-6921202,,,,,,,,,,,,,,,,,,,,,
SK -69 207,SK-69D207,BAT99 70,,HD-269818,,,,,,,,,,,,,,,,,,,
SK -69 222,SK-69D222,BAT99 84,,HD-38030,,,,,,,,,,,,,,,,,,,
SK -69 231,SK-69D231,BREY 70,,BREY-70,,,,,,,,,,,,,,,,,,,
VFTS 79,VFTS-79,BREY 70A,,BREY-70A,,,,,,,,,,,,,,,,,,,
VFTS 102,VFTS-102,VFTS 102,,,,,,,,,,,,,,,,,,,,,
SK -69 234,SK-69D234,BAT99 90,,HD-269888,VFTS 136,VFTS-136,SK -69 234,GAIA DR3 4657654370539814016,,,,,,,,,,,,,,,
SK -69 235,SK-69D235,BAT99 92,,HD-269891,,,,,,,,,,,,,,,,,,,
VFTS 243,VFTS-243,2MASS J05380840-6909190,,2MASS-J05380840-6909190,,,,,,,,,,,,,,,,,,,
VFTS 285,VFTS-285,VFTS 285,,,,,,,,,,,,,,,,,,,,,
VFTS 507,VFTS-507,BAT99 102,,RMC-140,,,,,,,,,,,,,,,,,,,
VFTS 731,VFTS-731,BREY 90A,,BREY-90A,,,,,,,,,,,,,,,,,,,
SK -68 145,SK-68D145,BAT99 123,,SAND2,SAND_2,BREY 93,GAIA DR3 4657790950485013120,,,,,,,,,,,,,,,,
SK -69 255,SK-69D255,BAT99 125,,HD-38448,,,,,,,,,,,,,,,,,,,
LMC174-1,LMC174-1,[MNM2014] LMC174-1,,,,,,,,,,,,,,,,,,,,,
BAT99 127,BAT99-127,BREY 95A,,BREY 95A,BREY-95A,GAIA DR3 4657648804238113408,,,,,,,,,,,,,,,,,
LMCE078-3,LMCE078-3,[MNM2015] LMCE078-3,,,,,,,,,,,,,,,,,,,,,
PDS 70,PDS-70,PDS 70,,CD-40 8434,PDS70,,,,,,,,,,,,,,,,,,
VW CHA A,V-VW-CHAA,V* VW Cha A,,,,,,,,,,,,,,,,,,,,,
VW CHA B,V-VW-CHAB,V* VW Cha B,,,,,,,,,,,,,,,,,,,,,